Pos,act,x,y,v,a,Duration,Gradient,SOC,Power,Energy,F_load,F_traction,Wind,dt,Brake,Throttle,Power,Torque,dt_Energy_wh,Total_Reward,dt_Time_reward,dt_Energy_reward,dt_Position_reward
0.0,0.8,0.0,0.0,0.0,0.0,0.0,0.0,0.5,0.0,0.0,0.0,0.0,0.0,0.9135706458559177,0.0,0.8,0.0,144.0,0.0,-0.7135706458559177,-0.9135706458559177,-0.0,0.2
1.0,0.0,0.0,0.0,2.189212177930682,2.396325,0.9135706458559177,0.0,0.5,0.0,0.0,7.3500000000000005,4800.0,4.0,0.46062496576958795,0.0,0.0,0.0,0.0,0.0,-0.26062496576958794,-0.46062496576958795,-0.0,0.2
2.0,0.0,1.0,0.0,2.152715418104918,-0.07923313441073988,1.3741956116255056,0.0,0.5,0.0,0.0,158.46626882147976,0.0,4.0,0.468571775450482,0.0,0.0,0.0,0.0,0.0,-0.268571775450482,-0.468571775450482,-0.0,0.2
3.0,0.0,2.0,0.0,2.1155746388530403,-0.07926379948124465,1.8427673870759875,0.0,0.5,0.0,0.0,158.5275989624893,0.0,4.0,0.4769480450085857,0.0,0.0,0.0,0.0,0.0,-0.27694804500858566,-0.4769480450085857,-0.0,0.2
4.0,0.0,3.0,0.0,2.077754741310242,-0.07929563385067949,2.319715432084573,0.0,0.5,0.0,0.0,158.591267701359,0.0,4.0,0.48579397973516103,0.0,0.0,0.0,0.0,0.0,-0.285793979735161,-0.48579397973516103,-0.0,0.2
5.0,0.0,4.0,0.0,2.0392173357129635,-0.07932870147606191,2.805509411819734,0.0,0.5,0.0,0.0,158.65740295212382,0.0,4.0,0.49515526170868135,0.0,0.0,0.0,0.0,0.0,-0.29515526170868134,-0.49515526170868135,-0.0,0.2
6.0,0.0,5.0,0.0,1.9999202928623796,-0.0793630723320556,3.3006646735284155,0.0,0.5,0.0,0.0,158.7261446641112,0.0,4.0,0.5050840481149129,0.0,0.0,0.0,0.0,0.0,-0.3050840481149129,-0.5050840481149129,-0.0,0.2
7.0,0.0,6.0,0.0,1.9598172138086027,-0.07939882323239195,3.8057487216433286,0.0,0.5,0.0,0.0,158.7976464647839,0.0,4.0,0.51564020142836,0.0,0.0,0.0,0.0,0.0,-0.31564020142835997,-0.51564020142836,-0.0,0.2
8.0,0.0,7.0,0.0,1.9188567987604894,-0.07943603880118366,4.321388923071688,0.0,0.5,0.0,0.0,158.8720776023673,0.0,4.0,0.5268928179187269,0.0,0.0,0.0,0.0,0.0,-0.3268928179187269,-0.5268928179187269,-0.0,0.2
9.0,0.0,8.0,0.0,1.8769820907808512,-0.07947481262896504,4.848281740990415,0.0,0.5,0.0,0.0,158.94962525793008,0.0,4.0,0.538922143949263,0.0,0.0,0.0,0.0,0.0,-0.33892214394926296,-0.538922143949263,-0.0,0.2
10.0,0.0,9.0,0.0,1.8341295624972704,-0.07951524865828312,5.3872038849396775,0.0,0.5,0.0,0.0,159.03049731656623,0.0,4.0,0.5518220019996922,0.0,0.0,0.0,0.0,0.0,-0.3518220019996922,-0.5518220019996922,-0.0,0.2
11.0,0.0,10.0,0.0,1.7902280040694432,-0.07955746285711109,5.93902588693937,0.0,0.5,0.0,0.0,159.11492571422218,0.0,4.0,0.5657028948473004,0.0,0.0,0.0,0.0,0.0,-0.3657028948473004,-0.5657028948473004,-0.0,0.2
12.0,0.0,11.0,0.0,1.7451971568553029,-0.07960158525668413,6.50472878178667,0.0,0.5,0.0,0.0,159.20317051336826,0.0,4.0,0.5806960240235134,0.0,0.0,0.0,0.0,0.0,-0.3806960240235134,-0.5806960240235134,-0.0,0.2
13.0,0.0,12.0,0.0,1.6989460178749216,-0.07964776245567758,7.085424805810184,0.0,0.5,0.0,0.0,159.29552491135516,0.0,4.0,0.5969585589292671,0.0,0.0,0.0,0.0,0.0,-0.39695855892926707,-0.5969585589292671,-0.0,0.2
14.0,0.0,13.0,0.0,1.6513707126144537,-0.0796961607281439,7.682383364739451,0.0,0.5,0.0,0.0,159.3923214562878,0.0,4.0,0.6146806444318701,0.0,0.0,0.0,0.0,0.0,-0.4146806444318701,-0.6146806444318701,-0.0,0.2
15.0,0.0,14.0,0.0,1.602351793750574,-0.079746969923197,8.29706400917132,0.0,0.5,0.0,0.0,159.493939846394,0.0,4.0,0.6340948684490353,0.0,0.0,0.0,0.0,0.0,-0.4340948684490353,-0.6340948684490353,-0.0,0.2
16.0,0.0,15.0,0.0,1.5517507642727248,-0.07980040841777637,8.931158877620355,0.0,0.5,0.0,0.0,159.60081683555273,0.0,4.0,0.6554892803095436,0.0,0.0,0.0,0.0,0.0,-0.45548928030954355,-0.6554892803095436,-0.0,0.2
17.0,0.0,16.0,0.0,1.49940553412994,-0.07985672949230493,9.586648157929899,0.0,0.5,0.0,0.0,159.71345898460987,0.0,4.0,0.6792256500131093,0.0,0.0,0.0,0.0,0.0,-0.4792256500131093,-0.6792256500131093,-0.0,0.2
18.0,0.0,17.0,0.0,1.4451243810904464,-0.07991622966306684,10.265873807943008,0.0,0.5,0.0,0.0,159.8324593261337,0.0,4.0,0.7057656608658498,0.0,0.0,0.0,0.0,0.0,-0.5057656608658498,-0.7057656608658498,-0.0,0.2
19.0,0.0,18.0,0.0,1.3886777659708862,-0.07997925975926637,10.971639468808858,0.0,0.5,0.0,0.0,159.95851951853274,0.0,4.0,0.7357094625531139,0.0,0.0,0.0,0.0,0.0,-0.5357094625531138,-0.7357094625531139,-0.0,0.2
20.0,0.0,19.0,0.0,1.329786989807001,-0.08004623993759441,11.707348931361972,0.0,0.5,0.0,0.0,160.09247987518881,0.0,4.0,0.7698541332761074,0.0,0.0,0.0,0.0,0.0,-0.5698541332761073,-0.7698541332761074,-0.0,0.2
21.0,0.0,20.0,0.0,1.2681080623311012,-0.08011768049282998,12.47720306463808,0.0,0.5,0.0,0.0,160.23536098565995,0.0,4.0,0.8092854781291595,0.0,0.0,0.0,0.0,0.0,-0.6092854781291595,-0.8092854781291595,-0.0,0.2
22.0,0.0,21.0,0.0,1.203208051568037,-0.08019421145810586,13.28648854276724,0.0,0.5,0.0,0.0,160.3884229162117,0.0,4.0,0.8555282683944057,0.0,0.0,0.0,0.0,0.0,-0.6555282683944057,-0.8555282683944057,-0.0,0.2
23.0,0.0,22.0,0.0,1.134529128727277,-0.08027662600752132,14.142016811161644,0.0,0.5,0.0,0.0,160.55325201504263,0.0,4.0,0.9108047507218686,0.0,0.0,0.0,0.0,0.0,-0.7108047507218687,-0.9108047507218686,-0.0,0.2
24.0,0.0,23.0,0.0,1.0613314429055325,-0.0803659464487102,15.052821561883514,0.0,0.5,0.0,0.0,160.7318928974204,0.0,4.0,0.9785078347537525,0.0,0.0,0.0,0.0,0.0,-0.7785078347537524,-0.9785078347537525,-0.0,0.2
25.0,0.0,24.0,0.0,0.9825972492836132,-0.08046352908531716,16.031329396637265,0.0,0.5,0.0,0.0,160.92705817063433,0.0,4.0,1.0641380751353824,0.0,0.0,0.0,0.0,0.0,-0.8641380751353824,-1.0641380751353824,-0.0,0.2
26.0,0.0,25.0,0.0,0.8968583247961113,-0.08057124022800709,17.095467471772647,0.0,0.5,0.0,0.0,161.14248045601417,0.0,4.0,1.177361898497544,0.0,0.0,0.0,0.0,0.0,-0.9773618984975441,-1.177361898497544,-0.0,0.2
27.0,0.0,26.0,0.0,0.8018549056449308,-0.08069177308388893,18.27282937027019,0.0,0.5,0.0,0.0,161.38354616777787,0.0,4.0,1.3372364712864866,0.0,0.0,0.0,0.0,0.0,-1.1372364712864866,-1.3372364712864866,-0.0,0.2
28.0,0.0,27.0,0.0,0.6937670523989047,-0.08082927407898198,19.61006584155668,0.0,0.5,0.0,0.0,161.65854815796396,0.0,4.0,1.5887379025310717,0.0,0.0,0.0,0.0,0.0,-1.3887379025310718,-1.5887379025310717,-0.0,0.2
29.0,0.0,28.0,0.0,0.5650939708791631,-0.08099075455727976,21.19880374408775,0.0,0.5,0.0,0.0,161.98150911455951,0.0,4.0,2.080592689015378,0.0,0.0,0.0,0.0,0.0,-1.880592689015378,-2.080592689015378,-0.0,0.2
30.0,0.0,29.0,0.0,0.3961706791440237,-0.08118998621257333,23.27939643310313,0.0,0.5,0.0,0.0,162.37997242514666,0.0,4.0,0.0,0.0,0.0,0.0,0.0,0.0,-2.0,0.0,-0.0,-2.0
30.0,0.0,30.0,0.0,0.0,-0.08146308610743375,23.27939643310313,0.0,0.5,0.0,0.0,162.9261722148675,0.0,4.0,0.0,0.0,0.0,0.0,0.0,0.0,-2.0,0.0,-0.0,-2.0
30.0,0.1,30.0,0.0,0.0,-0.0036750000000000003,23.27939643310313,0.0,0.5,0.0,0.0,7.3500000000000005,0.0,4.0,2.5979502885071377,0.0,0.1,0.0,18.0,0.0,-2.3979502885071375,-2.5979502885071377,-0.0,0.2
31.0,-0.2,30.0,0.0,0.7698376192418775,0.296325,25.87734672161027,0.0,0.5,0.0,0.0,7.3500000000000005,600.0,4.0,0.0,-0.2,0.0,-0.9238051430902532,-36.0,-0.0,-2.0,0.0,0.0,-2.0
31.0,0.0,31.0,0.0,0.0,-0.6808765476623305,25.87734672161027,0.0,0.5,-0.7390441144722026,0.0,161.7530953246611,-1200.0,4.0,0.0,0.0,0.0,0.0,0.0,0.0,-2.0,0.0,-0.0,-2.0
31.0,0.1,31.0,0.0,0.0,-0.0036750000000000003,25.87734672161027,0.0,0.5,0.0,0.0,7.3500000000000005,0.0,4.0,2.5979502885071377,0.0,0.1,0.0,18.0,0.0,-2.3979502885071375,-2.5979502885071377,-0.0,0.2
32.0,-0.2,31.0,0.0,0.7698376192418775,0.296325,28.47529701011741,0.0,0.5,0.0,0.0,7.3500000000000005,600.0,4.0,0.0,-0.2,0.0,-0.9238051430902532,-36.0,-0.0,-2.0,0.0,0.0,-2.0
32.0,0.0,32.0,0.0,0.0,-0.6808765476623305,28.47529701011741,0.0,0.5,-0.7390441144722026,0.0,161.7530953246611,-1200.0,4.0,0.0,0.0,0.0,0.0,0.0,0.0,-2.0,0.0,-0.0,-2.0
32.0,0.1,32.0,0.0,0.0,-0.0036750000000000003,28.47529701011741,0.0,0.5,0.0,0.0,7.3500000000000005,0.0,4.0,2.5979502885071377,0.0,0.1,0.0,18.0,0.0,-2.3979502885071375,-2.5979502885071377,-0.0,0.2
33.0,-0.2,32.0,0.0,0.7698376192418775,0.296325,31.073247298624548,0.0,0.5,0.0,0.0,7.3500000000000005,600.0,4.0,0.0,-0.2,0.0,-0.9238051430902532,-36.0,-0.0,-2.0,0.0,0.0,-2.0
33.0,-0.8,33.0,0.0,0.0,-0.6808765476623305,31.073247298624548,0.0,0.5,-0.7390441144722026,0.0,161.7530953246611,-1200.0,4.0,0.0,-0.8,0.0,-0.0,-144.0,-0.0,-2.0,0.0,0.0,-2.0
33.0,0.0,33.0,0.0,0.0,-2.4036750000000002,31.073247298624548,0.0,0.5,-0.0,0.0,7.3500000000000005,-4800.0,4.0,0.0,0.0,0.0,0.0,0.0,0.0,-2.0,0.0,-0.0,-2.0
33.0,0.1,33.0,0.0,0.0,-0.0036750000000000003,31.073247298624548,0.0,0.5,0.0,0.0,7.3500000000000005,0.0,4.0,2.5979502885071377,0.0,0.1,0.0,18.0,0.0,-2.3979502885071375,-2.5979502885071377,-0.0,0.2
34.0,-0.2,33.0,0.0,0.7698376192418775,0.296325,33.67119758713169,0.0,0.5,0.0,0.0,7.3500000000000005,600.0,4.0,0.0,-0.2,0.0,-0.9238051430902532,-36.0,-0.0,-2.0,0.0,0.0,-2.0
34.0,-0.7,34.0,0.0,0.0,-0.6808765476623305,33.67119758713169,0.0,0.5,-0.7390441144722026,0.0,161.7530953246611,-1200.0,4.0,0.0,-0.7,0.0,-0.0,-125.99999999999999,-0.0,-2.0,0.0,0.0,-2.0
34.0,0.0,34.0,0.0,0.0,-2.103675,33.67119758713169,0.0,0.5,-0.0,0.0,7.3500000000000005,-4200.0,4.0,0.0,0.0,0.0,0.0,0.0,0.0,-2.0,0.0,-0.0,-2.0
34.0,0.1,34.0,0.0,0.0,-0.0036750000000000003,33.67119758713169,0.0,0.5,0.0,0.0,7.3500000000000005,0.0,4.0,2.5979502885071377,0.0,0.1,0.0,18.0,0.0,-2.3979502885071375,-2.5979502885071377,-0.0,0.2
35.0,-0.2,34.0,0.0,0.7698376192418775,0.296325,36.26914787563882,0.0,0.5,0.0,0.0,7.3500000000000005,600.0,4.0,0.0,-0.2,0.0,-0.9238051430902532,-36.0,-0.0,-2.0,0.0,0.0,-2.0
35.0,-0.7,35.0,0.0,0.0,-0.6808765476623305,36.26914787563882,0.0,0.5,-0.7390441144722026,0.0,161.7530953246611,-1200.0,4.0,0.0,-0.7,0.0,-0.0,-125.99999999999999,-0.0,-2.0,0.0,0.0,-2.0
35.0,0.0,35.0,0.0,0.0,-2.103675,36.26914787563882,0.0,0.5,-0.0,0.0,7.3500000000000005,-4200.0,4.0,0.0,0.0,0.0,0.0,0.0,0.0,-2.0,0.0,-0.0,-2.0
35.0,0.1,35.0,0.0,0.0,-0.0036750000000000003,36.26914787563882,0.0,0.5,0.0,0.0,7.3500000000000005,0.0,4.0,2.5979502885071377,0.0,0.1,0.0,18.0,0.0,-2.3979502885071375,-2.5979502885071377,-0.0,0.2
36.0,-0.2,35.0,0.0,0.7698376192418775,0.296325,38.86709816414596,0.0,0.5,0.0,0.0,7.3500000000000005,600.0,4.0,0.0,-0.2,0.0,-0.9238051430902532,-36.0,-0.0,-2.0,0.0,0.0,-2.0
36.0,-0.7,36.0,0.0,0.0,-0.6808765476623305,38.86709816414596,0.0,0.5,-0.7390441144722026,0.0,161.7530953246611,-1200.0,4.0,0.0,-0.7,0.0,-0.0,-125.99999999999999,-0.0,-2.0,0.0,0.0,-2.0
36.0,0.0,36.0,0.0,0.0,-2.103675,38.86709816414596,0.0,0.5,-0.0,0.0,7.3500000000000005,-4200.0,4.0,0.0,0.0,0.0,0.0,0.0,0.0,-2.0,0.0,-0.0,-2.0
36.0,0.1,36.0,0.0,0.0,-0.0036750000000000003,38.86709816414596,0.0,0.5,0.0,0.0,7.3500000000000005,0.0,4.0,2.5979502885071377,0.0,0.1,0.0,18.0,0.0,-2.3979502885071375,-2.5979502885071377,-0.0,0.2
37.0,-0.2,36.0,0.0,0.7698376192418775,0.296325,41.46504845265309,0.0,0.5,0.0,0.0,7.3500000000000005,600.0,4.0,0.0,-0.2,0.0,-0.9238051430902532,-36.0,-0.0,-2.0,0.0,0.0,-2.0
37.0,-0.7,37.0,0.0,0.0,-0.6808765476623305,41.46504845265309,0.0,0.5,-0.7390441144722026,0.0,161.7530953246611,-1200.0,4.0,0.0,-0.7,0.0,-0.0,-125.99999999999999,-0.0,-2.0,0.0,0.0,-2.0
37.0,0.0,37.0,0.0,0.0,-2.103675,41.46504845265309,0.0,0.5,-0.0,0.0,7.3500000000000005,-4200.0,4.0,0.0,0.0,0.0,0.0,0.0,0.0,-2.0,0.0,-0.0,-2.0
37.0,0.1,37.0,0.0,0.0,-0.0036750000000000003,41.46504845265309,0.0,0.5,0.0,0.0,7.3500000000000005,0.0,4.0,2.5979502885071377,0.0,0.1,0.0,18.0,0.0,-2.3979502885071375,-2.5979502885071377,-0.0,0.2
38.0,-0.2,37.0,0.0,0.7698376192418775,0.296325,44.06299874116023,0.0,0.5,0.0,0.0,7.3500000000000005,600.0,4.0,0.0,-0.2,0.0,-0.9238051430902532,-36.0,-0.0,-2.0,0.0,0.0,-2.0
38.0,-0.7,38.0,0.0,0.0,-0.6808765476623305,44.06299874116023,0.0,0.5,-0.7390441144722026,0.0,161.7530953246611,-1200.0,4.0,0.0,-0.7,0.0,-0.0,-125.99999999999999,-0.0,-2.0,0.0,0.0,-2.0
38.0,0.0,38.0,0.0,0.0,-2.103675,44.06299874116023,0.0,0.5,-0.0,0.0,7.3500000000000005,-4200.0,4.0,0.0,0.0,0.0,0.0,0.0,0.0,-2.0,0.0,-0.0,-2.0
38.0,0.1,38.0,0.0,0.0,-0.0036750000000000003,44.06299874116023,0.0,0.5,0.0,0.0,7.3500000000000005,0.0,4.0,2.5979502885071377,0.0,0.1,0.0,18.0,0.0,-2.3979502885071375,-2.5979502885071377,-0.0,0.2
39.0,-0.2,38.0,0.0,0.7698376192418775,0.296325,46.660949029667364,0.0,0.5,0.0,0.0,7.3500000000000005,600.0,4.0,0.0,-0.2,0.0,-0.9238051430902532,-36.0,-0.0,-2.0,0.0,0.0,-2.0
39.0,-0.7,39.0,0.0,0.0,-0.6808765476623305,46.660949029667364,0.0,0.5,-0.7390441144722026,0.0,161.7530953246611,-1200.0,4.0,0.0,-0.7,0.0,-0.0,-125.99999999999999,-0.0,-2.0,0.0,0.0,-2.0
39.0,0.0,39.0,0.0,0.0,-2.103675,46.660949029667364,0.0,0.5,-0.0,0.0,7.3500000000000005,-4200.0,4.0,0.0,0.0,0.0,0.0,0.0,0.0,-2.0,0.0,-0.0,-2.0
39.0,0.1,39.0,0.0,0.0,-0.0036750000000000003,46.660949029667364,0.0,0.5,0.0,0.0,7.3500000000000005,0.0,4.0,2.5979502885071377,0.0,0.1,0.0,18.0,0.0,-2.3979502885071375,-2.5979502885071377,-0.0,0.2
40.0,-0.2,39.0,0.0,0.7698376192418775,0.296325,49.2588993181745,0.0,0.5,0.0,0.0,7.3500000000000005,600.0,4.0,0.0,-0.2,0.0,-0.9238051430902532,-36.0,-0.0,-2.0,0.0,0.0,-2.0
40.0,-0.7,40.0,0.0,0.0,-0.6808765476623305,49.2588993181745,0.0,0.5,-0.7390441144722026,0.0,161.7530953246611,-1200.0,4.0,0.0,-0.7,0.0,-0.0,-125.99999999999999,-0.0,-2.0,0.0,0.0,-2.0
40.0,0.0,40.0,0.0,0.0,-2.103675,49.2588993181745,0.0,0.5,-0.0,0.0,7.3500000000000005,-4200.0,4.0,0.0,0.0,0.0,0.0,0.0,0.0,-2.0,0.0,-0.0,-2.0
40.0,0.1,40.0,0.0,0.0,-0.0036750000000000003,49.2588993181745,0.0,0.5,0.0,0.0,7.3500000000000005,0.0,4.0,2.5979502885071377,0.0,0.1,0.0,18.0,0.0,-2.3979502885071375,-2.5979502885071377,-0.0,0.2
41.0,-0.2,40.0,0.0,0.7698376192418775,0.296325,51.856849606681635,0.0,0.5,0.0,0.0,7.3500000000000005,600.0,4.0,0.0,-0.2,0.0,-0.9238051430902532,-36.0,-0.0,-2.0,0.0,0.0,-2.0
41.0,-0.7,41.0,0.0,0.0,-0.6808765476623305,51.856849606681635,0.0,0.5,-0.7390441144722026,0.0,161.7530953246611,-1200.0,4.0,0.0,-0.7,0.0,-0.0,-125.99999999999999,-0.0,-2.0,0.0,0.0,-2.0
41.0,0.0,41.0,0.0,0.0,-2.103107058574909,51.856849606681635,0.0,0.5,-0.0,0.0,6.214117149818159,-4200.0,3.6779518553053805,0.0,0.0,0.0,0.0,0.0,0.0,-2.0,0.0,-0.0,-2.0
41.0,0.1,41.0,0.0,0.0,-0.0036750000000000003,51.856849606681635,0.0,0.5,0.0,0.0,7.3500000000000005,0.0,4.0,2.5979502885071377,0.0,0.1,0.0,18.0,0.0,-2.3979502885071375,-2.5979502885071377,-0.0,0.2
42.0,-0.2,41.0,0.0,0.7698376192418775,0.296325,54.45479989518877,0.0,0.5,0.0,0.0,7.3500000000000005,600.0,4.0,0.0,-0.2,0.0,-0.9238051430902532,-36.0,-0.0,-2.0,0.0,0.0,-2.0
42.0,-0.7,42.0,0.0,0.0,-0.6808765476623305,54.45479989518877,0.0,0.5,-0.7390441144722026,0.0,161.7530953246611,-1200.0,4.0,0.0,-0.7,0.0,-0.0,-125.99999999999999,-0.0,-2.0,0.0,0.0,-2.0
42.0,0.0,42.0,0.0,0.0,-2.103675,54.45479989518877,0.0,0.5,-0.0,0.0,7.3500000000000005,-4200.0,4.0,0.0,0.0,0.0,0.0,0.0,0.0,-2.0,0.0,-0.0,-2.0
42.0,0.1,42.0,0.0,0.0,-0.0036750000000000003,54.45479989518877,0.0,0.5,0.0,0.0,7.3500000000000005,0.0,4.0,2.5979502885071377,0.0,0.1,0.0,18.0,0.0,-2.3979502885071375,-2.5979502885071377,-0.0,0.2
43.0,-0.2,42.0,0.0,0.7698376192418775,0.296325,57.052750183695906,0.0,0.5,0.0,0.0,7.3500000000000005,600.0,4.0,0.0,-0.2,0.0,-0.9238051430902532,-36.0,-0.0,-2.0,0.0,0.0,-2.0
43.0,-0.7,43.0,0.0,0.0,-0.6808765476623305,57.052750183695906,0.0,0.5,-0.7390441144722026,0.0,161.7530953246611,-1200.0,4.0,0.0,-0.7,0.0,-0.0,-125.99999999999999,-0.0,-2.0,0.0,0.0,-2.0
43.0,0.0,43.0,0.0,0.0,-2.103675,57.052750183695906,0.0,0.5,-0.0,0.0,7.3500000000000005,-4200.0,4.0,0.0,0.0,0.0,0.0,0.0,0.0,-2.0,0.0,-0.0,-2.0
43.0,0.1,43.0,0.0,0.0,-0.0036750000000000003,57.052750183695906,0.0,0.5,0.0,0.0,7.3500000000000005,0.0,4.0,2.5979502885071377,0.0,0.1,0.0,18.0,0.0,-2.3979502885071375,-2.5979502885071377,-0.0,0.2
44.0,-0.2,43.0,0.0,0.7698376192418775,0.296325,59.65070047220304,0.0,0.5,0.0,0.0,7.3500000000000005,600.0,4.0,0.0,-0.2,0.0,-0.9238051430902532,-36.0,-0.0,-2.0,0.0,0.0,-2.0
44.0,-0.7,44.0,0.0,0.0,-0.6808765476623305,59.65070047220304,0.0,0.5,-0.7390441144722026,0.0,161.7530953246611,-1200.0,4.0,0.0,-0.7,0.0,-0.0,-125.99999999999999,-0.0,-2.0,0.0,0.0,-2.0
44.0,0.0,44.0,0.0,0.0,-2.103675,59.65070047220304,0.0,0.5,-0.0,0.0,7.3500000000000005,-4200.0,4.0,0.0,0.0,0.0,0.0,0.0,0.0,-2.0,0.0,-0.0,-2.0
44.0,0.1,44.0,0.0,0.0,-0.0036750000000000003,59.65070047220304,0.0,0.5,0.0,0.0,7.3500000000000005,0.0,4.0,2.5979502885071377,0.0,0.1,0.0,18.0,0.0,-2.3979502885071375,-2.5979502885071377,-0.0,0.2
45.0,-0.2,44.0,0.0,0.7698376192418775,0.296325,62.24865076071018,0.0,0.5,0.0,0.0,7.3500000000000005,600.0,4.0,0.0,-0.2,0.0,-0.9238051430902532,-36.0,-0.0,-2.0,0.0,0.0,-2.0
45.0,-0.7,45.0,0.0,0.0,-0.6808765476623305,62.24865076071018,0.0,0.5,-0.7390441144722026,0.0,161.7530953246611,-1200.0,4.0,0.0,-0.7,0.0,-0.0,-125.99999999999999,-0.0,-2.0,0.0,0.0,-2.0
45.0,0.0,45.0,0.0,0.0,-2.103675,62.24865076071018,0.0,0.5,-0.0,0.0,7.3500000000000005,-4200.0,4.0,0.0,0.0,0.0,0.0,0.0,0.0,-2.0,0.0,-0.0,-2.0
45.0,0.1,45.0,0.0,0.0,-0.0036750000000000003,62.24865076071018,0.0,0.5,0.0,0.0,7.3500000000000005,0.0,4.0,2.5979502885071377,0.0,0.1,0.0,18.0,0.0,-2.3979502885071375,-2.5979502885071377,-0.0,0.2
46.0,-0.2,45.0,0.0,0.7698376192418775,0.296325,64.84660104921731,0.0,0.5,0.0,0.0,7.3500000000000005,600.0,4.0,0.0,-0.2,0.0,-0.9238051430902532,-36.0,-0.0,-2.0,0.0,0.0,-2.0
46.0,-0.7,46.0,0.0,0.0,-0.6808765476623305,64.84660104921731,0.0,0.5,-0.7390441144722026,0.0,161.7530953246611,-1200.0,4.0,0.0,-0.7,0.0,-0.0,-125.99999999999999,-0.0,-2.0,0.0,0.0,-2.0
46.0,0.0,46.0,0.0,0.0,-2.103675,64.84660104921731,0.0,0.5,-0.0,0.0,7.3500000000000005,-4200.0,4.0,0.0,0.0,0.0,0.0,0.0,0.0,-2.0,0.0,-0.0,-2.0
46.0,0.8,46.0,0.0,0.0,-0.0036750000000000003,64.84660104921731,0.0,0.5,0.0,0.0,7.3500000000000005,0.0,4.0,0.9135706458559177,0.0,0.8,0.0,144.0,0.0,-0.7135706458559177,-0.9135706458559177,-0.0,0.2
47.0,-0.2,46.0,0.0,2.189212177930682,2.396325,65.76017169507323,0.0,0.5,0.0,0.0,7.3500000000000005,4800.0,4.0,0.49475960736720836,-0.2,0.0,-2.627054613516818,-36.0,-0.28883566869239874,-0.15034177302100898,-0.49475960736720836,0.14441783434619937,0.2
48.0,-0.7,47.0,0.0,1.8531550590388262,-0.67923313441074,66.25493130244044,0.0,0.5000288835668693,-2.1016436908134546,-0.00028883566869239874,158.46626882147976,-1200.0,4.0,0.0,-0.7,0.0,-7.7832512479630696,-125.99999999999999,-0.0,-2.0,0.0,0.0,-2.0
48.0,0.0,48.0,0.0,0.0,-2.1795386166413717,66.25493130244044,0.0,0.5000288835668693,-6.226600998370456,-0.00028883566869239874,159.07723328274375,-4200.0,4.0,0.0,0.0,0.0,0.0,0.0,0.0,-2.0,0.0,-0.0,-2.0
48.0,0.8,48.0,0.0,0.0,-0.0036750000000000003,66.25493130244044,0.0,0.5000288835668693,0.0,-0.00028883566869239874,7.3500000000000005,0.0,4.0,0.9135706458559177,0.0,0.8,0.0,144.0,0.0,-0.7135706458559177,-0.9135706458559177,-0.0,0.2
49.0,-0.2,48.0,0.0,2.189212177930682,2.396325,67.16850194829635,0.0,0.5000288835668693,0.0,-0.00028883566869239874,7.3500000000000005,4800.0,4.0,0.4947305109660219,-0.2,0.0,-2.627054613516818,-36.0,-0.288818682506849,-0.1503211697125974,-0.4947305109660219,0.1444093412534245,0.2
50.0,-0.7,49.0,0.0,1.853392801316014,-0.6787925328456894,67.66323245926237,0.0,0.5000577654351199,-2.1016436908134546,-0.0005776543511992478,157.5850656913787,-1200.0,3.3556971625437555,0.0,-0.7,0.0,-7.784249765527258,-125.99999999999999,-0.0,-2.0,0.0,0.0,-2.0
50.0,0.0,50.0,0.0,0.0,-2.179538382191281,67.66323245926237,0.0,0.5000577654351199,-6.227399812421806,-0.0005776543511992478,159.07676438256237,-4200.0,4.0,0.0,0.0,0.0,0.0,0.0,0.0,-2.0,0.0,-0.0,-2.0
50.0,0.8,50.0,0.0,0.0,-0.0036750000000000003,67.66323245926237,0.0,0.5000577654351199,0.0,-0.0005776543511992478,7.3500000000000005,0.0,4.0,0.9135706458559177,0.0,0.8,0.0,144.0,0.0,-0.7135706458559177,-0.9135706458559177,-0.0,0.2
51.0,-0.2,50.0,0.0,2.189212177930682,2.396325,68.57680310511829,0.0,0.5000577654351199,0.0,-0.0005776543511992478,7.3500000000000005,4800.0,4.0,0.49475960736720836,-0.2,0.0,-2.627054613516818,-36.0,-0.28883566869239874,-0.15034177302100898,-0.49475960736720836,0.14441783434619937,0.2
52.0,-0.7,51.0,0.0,1.8531550590388262,-0.67923313441074,69.0715627124855,0.0,0.5000866490019892,-2.1016436908134546,-0.0008664900198916465,158.46626882147976,-1200.0,4.0,0.0,-0.7,0.0,-7.7832512479630696,-125.99999999999999,-0.0,-2.0,0.0,0.0,-2.0
52.0,0.0,52.0,0.0,0.0,-2.1789366800169376,69.0715627124855,0.0,0.5000866490019892,-6.226600998370456,-0.0008664900198916465,157.87336003387557,-4200.0,3.2632141856038643,0.0,0.0,0.0,0.0,0.0,0.0,-2.0,0.0,-0.0,-2.0
52.0,0.8,52.0,0.0,0.0,-0.002236962725137082,69.0715627124855,0.0,0.5000866490019892,0.0,-0.0008664900198916465,4.473925450274164,0.0,3.120762317571412,0.9135706458559177,0.0,0.8,0.0,144.0,0.0,-0.7135706458559177,-0.9135706458559177,-0.0,0.2
53.0,-0.2,52.0,0.0,2.189212177930682,2.396325,69.98513335834141,0.0,0.5000866490019892,0.0,-0.0008664900198916465,7.3500000000000005,4800.0,4.0,0.49475960736720836,-0.2,0.0,-2.627054613516818,-36.0,-0.28883566869239874,-0.15034177302100898,-0.49475960736720836,0.14441783434619937,0.2
54.0,-0.5,53.0,0.0,1.8531550590388262,-0.67923313441074,70.47989296570863,0.0,0.5001155325688584,-2.1016436908134546,-0.0011553256885840453,158.46626882147976,-1200.0,4.0,0.8411628263142812,-0.5,0.0,-5.559465177116479,-90.0,-1.0392034313731386,-0.12156111062771185,-0.8411628263142812,0.5196017156865693,0.2
55.0,0.0,54.0,0.0,0.5245058919922199,-1.5795386166413719,71.3210557920229,0.0,0.5002194529119958,-4.4475721416931835,-0.0021945291199571837,159.07723328274375,-3000.0,4.0,2.3254151987483684,0.0,0.0,0.0,0.0,0.0,-2.1254151987483683,-2.3254151987483684,-0.0,0.2
56.0,-0.2,55.0,0.0,0.33555565449695823,-0.08125440893177364,73.64647099077128,0.0,0.5002194529119958,0.0,-0.0021945291199571837,162.50881786354728,0.0,4.0,0.0,-0.2,0.0,-0.4026667853963499,-36.0,-0.0,-2.0,0.0,0.0,-2.0
56.0,-0.5,56.0,0.0,0.0,-0.68139804287739,73.64647099077128,0.0,0.5002194529119958,-0.32213342831708,-0.0021945291199571837,162.79608575477994,-1200.0,3.8998794843624225,0.0,-0.5,0.0,-0.0,-90.0,-0.0,-2.0,0.0,0.0,-2.0
56.0,0.0,56.0,0.0,0.0,-1.5008004046394816,73.64647099077128,0.0,0.5002194529119958,-0.0,-0.0021945291199571837,1.6008092789636255,-3000.0,1.8667498206728297,0.0,0.0,0.0,0.0,0.0,0.0,-2.0,0.0,-0.0,-2.0
56.0,0.8,56.0,0.0,0.0,-0.0033842582442375198,73.64647099077128,0.0,0.5002194529119958,0.0,-0.0021945291199571837,6.76851648847504,0.0,3.838513456162808,0.9131274140046138,0.0,0.8,0.0,144.0,0.0,-0.7131274140046138,-0.9131274140046138,-0.0,0.2
57.0,-0.2,56.0,0.0,2.190274821070985,2.398651915908767,74.5595984047759,0.0,0.5002194529119958,0.0,-0.0021945291199571837,2.6961681824660424,4800.0,2.4226451760226198,0.49442883134757926,-0.2,0.0,-2.6283297852851826,-36.0,-0.28878267202990815,-0.15003749533262517,-0.49442883134757926,0.14439133601495407,0.2
58.0,0.0,57.0,0.0,1.85479678525186,-0.6785163294478003,75.05402723612347,0.0,0.5002483311791988,-2.1026638282281462,-0.002483311791987092,157.0326588956005,-1200.0,1.7925701260566953,0.5454551169172639,0.0,0.0,0.0,0.0,0.0,-0.3454551169172639,-0.5454551169172639,-0.0,0.2
59.0,-0.2,58.0,0.0,1.8118665003365377,-0.07870543988651234,75.59948235304074,0.0,0.5002483311791988,0.0,-0.002483311791987092,157.41087977302467,0.0,2.8455071308611366,0.6252262824082536,-0.2,0.0,-2.1742398004038455,-36.0,-0.3020870816601244,-0.2741827415781914,-0.6252262824082536,0.1510435408300622,0.2
60.0,-0.5,59.0,0.0,1.3869753938609564,-0.679579727261274,76.22470863544899,0.0,0.5002785398873648,-1.7393918403230764,-0.0027853988736472163,159.15945452254806,-1200.0,4.0,0.0,-0.5,0.0,-4.160926181582869,-90.0,-0.0,-2.0,0.0,0.0,-2.0
60.0,0.0,60.0,0.0,0.0,-1.5800482827282287,76.22470863544899,0.0,0.5002785398873648,-3.3287409452662953,-0.0027853988736472163,160.09656545645737,-3000.0,4.0,0.0,0.0,0.0,0.0,0.0,0.0,-2.0,0.0,-0.0,-2.0
60.0,0.8,60.0,0.0,0.0,-0.0036750000000000003,76.22470863544899,0.0,0.5002785398873648,0.0,-0.0027853988736472163,7.3500000000000005,0.0,4.0,0.9132185727437984,0.0,0.8,0.0,144.0,0.0,-0.7132185727437983,-0.9132185727437984,-0.0,0.2
61.0,-0.2,60.0,0.0,2.1900561848096936,2.398173066311595,77.13792720819279,0.0,0.5002785398873648,0.0,-0.0027853988736472163,3.6538673768100183,4800.0,2.820283143718534,0.49450684608872447,-0.2,0.0,-2.628067421771632,-36.0,-0.288799407121959,-0.15010714252774499,-0.49450684608872447,0.1443997035609795,0.2
62.0,-0.5,61.0,0.0,1.8543772600184396,-0.6788155259048254,77.63243405428152,0.0,0.500307419828077,-2.1024539374173057,-0.0030741982807691755,157.63105180965096,-1200.0,3.3986889061202064,0.8385830317939844,-0.5,0.0,-5.563131780055318,-90.0,-1.036699536530723,-0.1202332635286229,-0.8385830317939844,0.5183497682653615,0.2
63.0,0.0,62.0,0.0,0.5305982639421494,-1.5785902479380294,78.4710170860755,0.0,0.5004110897817301,-4.4505054240442545,-0.004110897817299898,157.18049587605867,-3000.0,2.5471911042166866,2.26414385443468,0.0,0.0,0.0,0.0,0.0,-2.06414385443468,-2.26414385443468,-0.0,0.2
64.0,-0.2,63.0,0.0,0.3527379248857786,-0.07855522903635449,80.73516094051018,0.0,0.5004110897817301,0.0,-0.004110897817299898,157.11045807270898,0.0,1.1028986897026698,0.0,-0.2,0.0,-0.4232855098629343,-36.0,-0.0,-2.0,0.0,0.0,-2.0
64.0,-0.5,64.0,0.0,0.0,-0.6801724496450461,80.73516094051018,0.0,0.5004110897817301,-0.3386284078903474,-0.004110897817299898,160.34489929009214,-1200.0,3.067233872670691,0.0,-0.5,0.0,-0.0,-90.0,-0.0,-2.0,0.0,0.0,-2.0
64.0,0.0,64.0,0.0,0.0,-1.5036749999999999,80.73516094051018,0.0,0.5004110897817301,-0.0,-0.004110897817299898,7.3500000000000005,-3000.0,4.0,0.0,0.0,0.0,0.0,0.0,0.0,-2.0,0.0,-0.0,-2.0
64.0,0.8,64.0,0.0,0.0,-0.0036750000000000003,80.73516094051018,0.0,0.5004110897817301,0.0,-0.004110897817299898,7.3500000000000005,0.0,4.0,0.9134796533493802,0.0,0.8,0.0,144.0,0.0,-0.7134796533493801,-0.9134796533493802,-0.0,0.2
65.0,-0.2,64.0,0.0,2.1894302472724645,2.396802423835782,81.64864059385957,0.0,0.5004110897817301,0.0,-0.004110897817299898,6.395152328435955,4800.0,3.731141921006291,0.49467097498280194,-0.2,0.0,-2.627316296726958,-36.0,-0.2888126920200286,-0.15026462897278764,-0.49467097498280194,0.1444063460100143,0.2
66.0,-0.5,65.0,0.0,1.8536612785392137,-0.6787723268884422,82.14331156884236,0.0,0.5004399710509321,-2.1018530373815665,-0.004399710509319927,157.54465377688442,-1200.0,3.3175772699527357,0.8396468133951689,-0.5,0.0,-5.560983835617641,-90.0,-1.037613857092977,-0.12083988484868041,-0.8396468133951689,0.5188069285464885,0.2
67.0,0.0,66.0,0.0,0.5282926260235696,-1.5784835139865843,82.98295838223753,0.0,0.5005437324366414,-4.448787068494113,-0.005437324366412904,156.96702797316857,-3000.0,1.7299721957126266,2.279140702770813,0.0,0.0,0.0,0.0,0.0,-2.079140702770813,-2.279140702770813,-0.0,0.2
68.0,-0.2,67.0,0.0,0.3492311706375789,-0.0785653361235227,85.26209908500834,0.0,0.5005437324366414,0.0,-0.005437324366412904,157.13067224704542,0.0,1.1378264004279899,0.0,-0.2,0.0,-0.41907740476509464,-36.0,-0.0,-2.0,0.0,0.0,-2.0
68.0,-0.5,68.0,0.0,0.0,-0.6786431264358114,85.26209908500834,0.0,0.5005437324366414,-0.33526192381207576,-0.005437324366412904,157.28625287162265,-1200.0,1.1919709482581453,0.0,-0.5,0.0,-0.0,-90.0,-0.0,-2.0,0.0,0.0,-2.0
68.0,0.0,68.0,0.0,0.0,-1.50004429154508,85.26209908500834,0.0,0.5005437324366414,-0.0,-0.005437324366412904,0.08858309016019687,-3000.0,0.43912861187093455,0.0,0.0,0.0,0.0,0.0,0.0,-2.0,0.0,-0.0,-2.0
68.0,0.8,68.0,0.0,0.0,-1.7939356591274303e-05,85.26209908500834,0.0,0.5005437324366414,0.0,-0.005437324366412904,0.03587871318254861,0.0,0.27946971430498735,0.9128914482886232,0.0,0.8,0.0,144.0,0.0,-0.7128914482886233,-0.9128914482886232,-0.0,0.2
69.0,-0.2,68.0,0.0,2.1908409669977065,2.3998920913377226,86.17499053329696,0.0,0.5005437324366414,0.0,-0.005437324366412904,0.2158173245539374,4800.0,0.6854242633564169,0.4945189787698822,-0.2,0.0,-2.6290091603972474,-36.0,-0.2889099833725139,-0.15006398708362528,-0.4945189787698822,0.14445499168625694,0.2
70.0,-0.5,69.0,0.0,1.8534932501592865,-0.6821734479788293,86.66950951206684,0.0,0.5005726234349787,-2.103207328317798,-0.005726234349785418,164.3468959576584,-1200.0,-1.8191861814087815,0.8415666578592357,-0.5,0.0,-5.560479750477859,-90.0,-1.0398920799341353,-0.12162061789216799,-0.8415666578592357,0.5199460399670677,0.2
71.0,0.0,70.0,0.0,0.523026763901068,-1.5809401119129871,87.51107616992607,0.0,0.500676612642972,-4.448383800382287,-0.006766126429719553,161.8802238259739,-3000.0,-1.4192260048101843,2.339211057141995,0.0,0.0,0.0,0.0,0.0,-2.1392110571419947,-2.339211057141995,-0.0,0.2
72.0,-0.2,71.0,0.0,0.33196243599849473,-0.08167896065608209,89.85028722706807,0.0,0.500676612642972,0.0,-0.006766126429719553,163.35792131216417,0.0,-3.208922827716023,0.0,-0.2,0.0,-0.3983549231981937,-36.0,-0.0,-2.0,0.0,0.0,-2.0
72.0,-0.5,72.0,0.0,0.0,-0.6827902923224916,89.85028722706807,0.0,0.500676612642972,-0.318683938558555,-0.006766126429719553,165.58058464498313,-1200.0,-4.0,0.0,-0.5,0.0,-0.0,-90.0,-0.0,-2.0,0.0,0.0,-2.0
72.0,0.0,72.0,0.0,0.0,-1.502746779993422,89.85028722706807,0.0,0.500676612642972,-0.0,-0.006766126429719553,5.493559986844011,-3000.0,-3.458145462439127,0.0,0.0,0.0,0.0,0.0,0.0,-2.0,0.0,-0.0,-2.0
72.0,-0.3,72.0,0.0,0.0,-0.0013275674818662652,89.85028722706807,0.0,0.500676612642972,0.0,-0.006766126429719553,2.6551349637325306,0.0,-2.404139271202091,0.0,-0.3,0.0,-0.0,-54.0,-0.0,-2.0,0.0,0.0,-2.0
72.0,0.2,72.0,0.0,0.0,-0.9000054098153673,89.85028722706807,0.0,0.500676612642972,-0.0,-0.006766126429719553,0.010819630734118152,-1800.0000000000002,0.15346966362282188,1.825770671406303,0.0,0.2,0.0,36.0,0.0,-1.625770671406303,-1.825770671406303,-0.0,0.2
73.0,-0.2,72.0,0.0,1.0954277909342938,0.5999810425755928,91.67605789847437,0.0,0.500676612642972,0.0,-0.006766126429719553,0.0379148488144368,1200.0,-0.2872903153786055,0.0,-0.2,0.0,-1.3145133491211527,-36.0,-0.0,-2.0,0.0,0.0,-2.0
73.0,-0.5,73.0,0.0,0.0,-0.678991878903833,91.67605789847437,0.0,0.500676612642972,-1.0516106792969222,-0.006766126429719553,157.9837578076657,-1200.0,-0.39741795623803,0.0,-0.5,0.0,-0.0,-90.0,-0.0,-2.0,0.0,0.0,-2.0
73.0,0.0,73.0,0.0,0.0,-1.5012071993632676,91.67605789847437,0.0,0.500676612642972,-0.0,-0.006766126429719553,2.4143987265351234,-3000.0,-2.292560568998219,0.0,0.0,0.0,0.0,0.0,0.0,-2.0,0.0,-0.0,-2.0
73.0,-0.3,73.0,0.0,0.0,-0.0036750000000000003,91.67605789847437,0.0,0.500676612642972,0.0,-0.006766126429719553,7.3500000000000005,0.0,-4.0,0.0,-0.3,0.0,-0.0,-54.0,-0.0,-2.0,0.0,0.0,-2.0
73.0,0.2,73.0,0.0,0.0,-0.9036750000000001,91.67605789847437,0.0,0.500676612642972,-0.0,-0.006766126429719553,7.3500000000000005,-1800.0000000000002,-4.0,1.8313589790816096,0.0,0.2,0.0,36.0,0.0,-1.6313589790816097,-1.8313589790816096,-0.0,0.2
74.0,-0.2,73.0,0.0,1.092085143200841,0.596325,93.50741687755598,0.0,0.500676612642972,0.0,-0.006766126429719553,7.3500000000000005,1200.0,-4.0,0.0,-0.2,0.0,-1.310502171841009,-36.0,-0.0,-2.0,0.0,0.0,-2.0
74.0,-0.5,74.0,0.0,0.0,-0.6844356432383191,93.50741687755598,0.0,0.500676612642972,-1.0484017374728072,-0.006766126429719553,168.8712864766381,-1200.0,-4.0,0.0,-0.5,0.0,-0.0,-90.0,-0.0,-2.0,0.0,0.0,-2.0
74.0,0.0,74.0,0.0,0.0,-1.5036749999999999,93.50741687755598,0.0,0.500676612642972,-0.0,-0.006766126429719553,7.3500000000000005,-3000.0,-4.0,0.0,0.0,0.0,0.0,0.0,0.0,-2.0,0.0,-0.0,-2.0
74.0,-0.3,74.0,0.0,0.0,-0.0036750000000000003,93.50741687755598,0.0,0.500676612642972,0.0,-0.006766126429719553,7.3500000000000005,0.0,-4.0,0.0,-0.3,0.0,-0.0,-54.0,-0.0,-2.0,0.0,0.0,-2.0
74.0,0.2,74.0,0.0,0.0,-0.9036750000000001,93.50741687755598,0.0,0.500676612642972,-0.0,-0.006766126429719553,7.3500000000000005,-1800.0000000000002,-4.0,1.8302254053014875,0.0,0.2,0.0,36.0,0.0,-1.6302254053014875,-1.8302254053014875,-0.0,0.2
75.0,-0.2,74.0,0.0,1.0927615403065856,0.5970639119866104,95.33764228285747,0.0,0.500676612642972,0.0,-0.006766126429719553,5.8721760267791785,1200.0,-3.575327708275161,0.0,-0.2,0.0,-1.3113138483679028,-36.0,-0.0,-2.0,0.0,0.0,-2.0
75.0,-0.5,75.0,0.0,0.0,-0.6844372255556946,95.33764228285747,0.0,0.500676612642972,-1.0490510786943223,-0.006766126429719553,168.87445111138942,-1200.0,-4.0,0.0,-0.5,0.0,-0.0,-90.0,-0.0,-2.0,0.0,0.0,-2.0
75.0,0.0,75.0,0.0,0.0,-1.5036749999999999,95.33764228285747,0.0,0.500676612642972,-0.0,-0.006766126429719553,7.3500000000000005,-3000.0,-4.0,0.0,0.0,0.0,0.0,0.0,0.0,-2.0,0.0,-0.0,-2.0
75.0,-0.3,75.0,0.0,0.0,-0.003561379905510304,95.33764228285747,0.0,0.500676612642972,0.0,-0.006766126429719553,7.122759811020607,0.0,-3.9376804694861605,0.0,-0.3,0.0,-0.0,-54.0,-0.0,-2.0,0.0,0.0,-2.0
75.0,0.2,75.0,0.0,0.0,-0.9008129685659667,95.33764228285747,0.0,0.500676612642972,-0.0,-0.006766126429719553,1.625937131933193,-1800.0000000000002,-1.8813439295033376,1.8269576496755586,0.0,0.2,0.0,36.0,0.0,-1.6269576496755587,-1.8269576496755586,-0.0,0.2
76.0,-0.2,75.0,0.0,1.0947160891220908,0.5992016778913822,97.16459993253304,0.0,0.500676612642972,0.0,-0.006766126429719553,1.5966442172356161,1200.0,-1.8643197397285363,0.0,-0.2,0.0,-1.3136593069465095,-36.0,-0.0,-2.0,0.0,0.0,-2.0
76.0,-0.5,76.0,0.0,0.0,-0.6799075785643465,97.16459993253304,0.0,0.500676612642972,-1.0509274455572075,-0.006766126429719553,159.81515712869313,-1200.0,-1.3983358628537061,0.0,-0.5,0.0,-0.0,-90.0,-0.0,-2.0,0.0,0.0,-2.0
76.0,0.0,76.0,0.0,0.0,-1.5001008955960788,97.16459993253304,0.0,0.500676612642972,-0.0,-0.006766126429719553,0.20179119215763508,-3000.0,0.6627769937712102,0.0,0.0,0.0,0.0,0.0,0.0,-2.0,0.0,-0.0,-2.0
76.0,0.8,76.0,0.0,0.0,-0.000383530941963399,97.16459993253304,0.0,0.500676612642972,0.0,-0.006766126429719553,0.767061883926798,0.0,-1.2922053154416346,0.9133698437980755,0.0,0.8,0.0,144.0,0.0,-0.7133698437980756,-0.9133698437980755,-0.0,0.2
77.0,-0.2,76.0,0.0,2.189693470717721,2.397378767851909,98.07796977633112,0.0,0.500676612642972,0.0,-0.006766126429719553,5.242464296182278,4800.0,-3.3781899258867583,0.49471058555801584,-0.2,0.0,-2.6276321648612653,-36.0,-0.2888705437576874,-0.15027531367917213,-0.49471058555801584,0.1444352718788437,0.2
78.0,-0.5,77.0,0.0,1.8530743319756138,-0.6804364987711206,98.57268036188913,0.0,0.5007054996973478,-2.1021057318890124,-0.007054996973477241,160.87299754224102,-1200.0,-0.7288832179905995,0.8434728588630385,-0.5,0.0,-5.559222995926841,-90.0,-1.0420119363181242,-0.12246689070397637,-0.8434728588630385,0.5210059681590621,0.2
79.0,-0.5,78.0,0.0,0.5180748810740436,-1.5827414443436703,99.41615322075216,0.0,0.5008097008909796,-4.447378396741473,-0.008097008909795365,165.4828886873406,-3000.0,-2.4542713790723028,0.0,-0.5,0.0,-1.5542246432221307,-90.0,-0.0,-2.0,0.0,0.0,-2.0
79.0,-0.5,79.0,0.0,0.0,-1.5809894863565919,99.41615322075216,0.0,0.5008097008909796,-1.2433797145777046,-0.008097008909795365,161.9789727131836,-3000.0,-2.787322959707275,0.0,-0.5,0.0,-0.0,-90.0,-0.0,-2.0,0.0,0.0,-2.0
79.0,0.0,79.0,0.0,0.0,-1.5035278790205486,99.41615322075216,0.0,0.5008097008909796,-0.0,-0.008097008909795365,7.0557580410971585,-3000.0,-3.919116391068542,0.0,0.0,0.0,0.0,0.0,0.0,-2.0,0.0,-0.0,-2.0
79.0,-0.3,79.0,0.0,0.0,-0.0036750000000000003,99.41615322075216,0.0,0.5008097008909796,0.0,-0.008097008909795365,7.3500000000000005,0.0,-4.0,0.0,-0.3,0.0,-0.0,-54.0,-0.0,-2.0,0.0,0.0,-2.0
79.0,0.2,79.0,0.0,0.0,-0.9026297890394812,99.41615322075216,0.0,0.5008097008909796,-0.0,-0.008097008909795365,5.2595780789622975,-1800.0000000000002,-3.3836994057524308,1.8313589790816096,0.0,0.2,0.0,36.0,0.0,-1.6313589790816097,-1.8313589790816096,-0.0,0.2
80.0,-0.2,79.0,0.0,1.092085143200841,0.596325,101.24751219983378,0.0,0.5008097008909796,0.0,-0.008097008909795365,7.3500000000000005,1200.0,-4.0,0.0,-0.2,0.0,-1.310502171841009,-36.0,-0.0,-2.0,0.0,0.0,-2.0
80.0,-0.5,80.0,0.0,0.0,-0.6844356432383191,101.24751219983378,0.0,0.5008097008909796,-1.0484017374728072,-0.008097008909795365,168.8712864766381,-1200.0,-4.0,0.0,-0.5,0.0,-0.0,-90.0,-0.0,-2.0,0.0,0.0,-2.0
80.0,0.0,80.0,0.0,0.0,-1.5023061148278927,101.24751219983378,0.0,0.5008097008909796,-0.0,-0.008097008909795365,4.612229655785527,-3000.0,-3.168631853358505,0.0,0.0,0.0,0.0,0.0,0.0,-2.0,0.0,-0.0,-2.0
80.0,-0.3,80.0,0.0,0.0,-0.002280760571661177,101.24751219983378,0.0,0.5008097008909796,0.0,-0.008097008909795365,4.561521143322354,0.0,-3.151165172542896,0.0,-0.3,0.0,-0.0,-54.0,-0.0,-2.0,0.0,0.0,-2.0
80.0,0.2,80.0,0.0,0.0,-0.9019164610736793,101.24751219983378,0.0,0.5008097008909796,-0.0,-0.008097008909795365,3.8329221473585093,-1800.0000000000002,-2.8885595204345975,1.8313589790816096,0.0,0.2,0.0,36.0,0.0,-1.6313589790816097,-1.8313589790816096,-0.0,0.2
81.0,-0.2,80.0,0.0,1.092085143200841,0.596325,103.07887117891539,0.0,0.5008097008909796,0.0,-0.008097008909795365,7.3500000000000005,1200.0,-4.0,0.0,-0.2,0.0,-1.310502171841009,-36.0,-0.0,-2.0,0.0,0.0,-2.0
81.0,-0.5,81.0,0.0,0.0,-0.6813795950060018,103.07887117891539,0.0,0.5008097008909796,-1.0484017374728072,-0.008097008909795365,162.75919001200344,-1200.0,-2.4609539926601585,0.0,-0.5,0.0,-0.0,-90.0,-0.0,-2.0,0.0,0.0,-2.0
81.0,0.0,81.0,0.0,0.0,-1.5010905059284716,103.07887117891539,0.0,0.5008097008909796,-0.0,-0.008097008909795365,2.181011856943306,-3000.0,-2.1789403188416756,0.0,0.0,0.0,0.0,0.0,0.0,-2.0,0.0,-0.0,-2.0
81.0,0.8,81.0,0.0,0.0,-0.0012562362185591825,103.07887117891539,0.0,0.5008097008909796,0.0,-0.008097008909795365,2.512472437118365,0.0,-2.3386593925305306,0.9132808466034795,0.0,0.8,0.0,144.0,0.0,-0.7132808466034795,-0.9132808466034795,-0.0,0.2
82.0,-0.2,81.0,0.0,2.189906851497462,2.397846029117763,103.99215202551888,0.0,0.5008097008909796,0.0,-0.008097008909795365,4.307941764474082,4800.0,-3.0623246745667885,0.49474293418657017,-0.2,0.0,-2.627888221796954,-36.0,-0.28891758434803405,-0.15028414201255313,-0.49474293418657017,0.14445879217401703,0.2
83.0,-0.5,82.0,0.0,1.852596615833874,-0.6817888894526112,104.48689495970545,0.0,0.5008385926494144,-2.102310577437563,-0.0083859264941434,163.5777789052224,-1200.0,-1.6056233245768823,0.8428243035933279,-0.5,0.0,-5.557789847501621,-90.0,-1.040942301719694,-0.12235315273348096,-0.8428243035933279,0.520471150859847,0.2
84.0,-0.5,83.0,0.0,0.520377202104852,-1.5806608898784587,105.32971926329878,0.0,0.5009426868795864,-4.4462318780012975,-0.009426868795863094,161.32177975691727,-3000.0,-1.2288041635775429,0.0,-0.5,0.0,-1.5611316063145562,-90.0,-0.0,-2.0,0.0,0.0,-2.0
84.0,-0.5,84.0,0.0,0.0,-1.5796704101156278,105.32971926329878,0.0,0.5009426868795864,-1.248905285051645,-0.009426868795863094,159.34082023125563,-3000.0,-1.7561855399208568,0.0,-0.5,0.0,-0.0,-90.0,-0.0,-2.0,0.0,0.0,-2.0
84.0,0.0,84.0,0.0,0.0,-1.5001422036507006,105.32971926329878,0.0,0.5009426868795864,-0.0,-0.009426868795863094,0.2844073014010276,-3000.0,0.7868404762228778,0.0,0.0,0.0,0.0,0.0,0.0,-2.0,0.0,-0.0,-2.0
84.0,0.8,84.0,0.0,0.0,-0.00044158348685921685,105.32971926329878,0.0,0.5009426868795864,0.0,-0.009426868795863094,0.8831669737184337,0.0,1.3865570132351905,0.913470801199452,0.0,0.8,0.0,144.0,0.0,-0.7134708011994519,-0.913470801199452,-0.0,0.2
85.0,-0.2,84.0,0.0,2.189451464332828,2.396848877334582,106.24319006449824,0.0,0.5009426868795864,0.0,-0.009426868795863094,6.3022453308361985,4800.0,3.7039402680528326,0.4946667613112365,-0.2,0.0,-2.627341757199393,-36.0,-0.288813030642577,-0.15026024598994797,-0.4946667613112365,0.1444065153212885,0.2
86.0,-0.5,85.0,0.0,1.8536745013487206,-0.678794269689856,106.73785682580947,0.0,0.5009715681826507,-2.1018734057595143,-0.009715681826505672,157.58853937971216,-1200.0,1.0197297068838154,0.8396586025767258,-0.5,0.0,-5.561023504046161,-90.0,-1.0376358276230502,-0.12084068876520065,-0.8396586025767258,0.5188179138115251,0.2
87.0,-0.5,86.0,0.0,0.5282459595173659,-1.57853267716654,107.57751542838619,0.0,0.501075331765413,-4.448818803236929,-0.010753317654128722,157.0653543330799,-3000.0,1.3747770531531387,0.0,-0.5,0.0,-1.5847378785520978,-90.0,-0.0,-2.0,0.0,0.0,-2.0
87.0,-0.5,87.0,0.0,0.0,-1.578569049384765,107.57751542838619,0.0,0.501075331765413,-1.2677903028416784,-0.010753317654128722,157.13809876953013,-3000.0,1.1508999578970602,0.0,-0.5,0.0,-0.0,-90.0,-0.0,-2.0,0.0,0.0,-2.0
87.0,0.0,87.0,0.0,0.0,-1.5000079712512473,107.57751542838619,0.0,0.501075331765413,-0.0,-0.010753317654128722,0.01594250249466115,-3000.0,0.18629215586094006,0.0,0.0,0.0,0.0,0.0,0.0,-2.0,0.0,-0.0,-2.0
87.0,0.8,87.0,0.0,0.0,-0.001200814072111397,107.57751542838619,0.0,0.501075331765413,0.0,-0.010753317654128722,2.4016281442227942,0.0,2.2864894610408726,0.9129873659265691,0.0,0.8,0.0,144.0,0.0,-0.7129873659265691,-0.9129873659265691,-0.0,0.2
88.0,-0.2,87.0,0.0,2.1906107991969077,2.3993878567790574,108.49050279431276,0.0,0.501075331765413,0.0,-0.010753317654128722,1.2242864418846309,4800.0,1.632517486239614,0.49434722591833413,-0.2,0.0,-2.6287329590362885,-36.0,-0.2887792991065962,-0.14995757636503598,-0.49434722591833413,0.1443896495532981,0.2
89.0,-0.5,88.0,0.0,1.8551285559935882,-0.678636847976853,108.9848500202311,0.0,0.5011042096953237,-2.1029863672290308,-0.011042096953235318,157.27369595370604,-1200.0,1.3642479578962394,0.8387059009719712,-0.5,0.0,-5.565385667980763,-90.0,-1.0372715113156226,-0.12007014531415988,-0.8387059009719712,0.5186357556578113,0.2
90.0,-0.5,89.0,0.0,0.5294975725475635,-1.5805671355236193,109.82355592120307,0.0,0.5012079368464553,-4.452308534384611,-0.012079368464550941,161.1342710472388,-3000.0,-1.1593114480879123,0.0,-0.5,0.0,-1.5884927176426906,-90.0,-0.0,-2.0,0.0,0.0,-2.0
90.0,-0.5,90.0,0.0,0.0,-1.5798306105458138,109.82355592120307,0.0,0.5012079368464553,-1.2707941741141526,-0.012079368464550941,159.66122109162743,-3000.0,-1.8954166896590152,0.0,-0.5,0.0,-0.0,-90.0,-0.0,-2.0,0.0,0.0,-2.0
90.0,0.0,90.0,0.0,0.0,-1.5027991504768474,109.82355592120307,0.0,0.5012079368464553,-0.0,-0.012079368464550941,5.598300953694803,-3000.0,-3.490956543166128,0.0,0.0,0.0,0.0,0.0,0.0,-2.0,0.0,-0.0,-2.0
90.0,-0.3,90.0,0.0,0.0,-0.0036750000000000003,109.82355592120307,0.0,0.5012079368464553,0.0,-0.012079368464550941,7.3500000000000005,0.0,-4.0,0.0,-0.3,0.0,-0.0,-54.0,-0.0,-2.0,0.0,0.0,-2.0
90.0,0.2,90.0,0.0,0.0,-0.9036750000000001,109.82355592120307,0.0,0.5012079368464553,-0.0,-0.012079368464550941,7.3500000000000005,-1800.0000000000002,-4.0,1.8313589790816096,0.0,0.2,0.0,36.0,0.0,-1.6313589790816097,-1.8313589790816096,-0.0,0.2
91.0,-0.2,90.0,0.0,1.092085143200841,0.596325,111.65491490028468,0.0,0.5012079368464553,0.0,-0.012079368464550941,7.3500000000000005,1200.0,-4.0,0.0,-0.2,0.0,-1.310502171841009,-36.0,-0.0,-2.0,0.0,0.0,-2.0
91.0,-0.5,91.0,0.0,0.0,-0.6844356432383191,111.65491490028468,0.0,0.5012079368464553,-1.0484017374728072,-0.012079368464550941,168.8712864766381,-1200.0,-4.0,0.0,-0.5,0.0,-0.0,-90.0,-0.0,-2.0,0.0,0.0,-2.0
91.0,0.0,91.0,0.0,0.0,-1.5028678820477883,111.65491490028468,0.0,0.5012079368464553,-0.0,-0.012079368464550941,5.735764095576447,-3000.0,-3.5335558689238056,0.0,0.0,0.0,0.0,0.0,0.0,-2.0,0.0,-0.0,-2.0
91.0,-0.3,91.0,0.0,0.0,-0.0016884025345174798,111.65491490028468,0.0,0.5012079368464553,0.0,-0.012079368464550941,3.3768050690349596,0.0,-2.7112484536631953,0.0,-0.3,0.0,-0.0,-54.0,-0.0,-2.0,0.0,0.0,-2.0
91.0,0.2,91.0,0.0,0.0,-0.9005776825953865,111.65491490028468,0.0,0.5012079368464553,-0.0,-0.012079368464550941,1.1553651907726945,-1800.0000000000002,-1.5859005919023872,1.8287985498217254,0.0,0.2,0.0,36.0,0.0,-1.6287985498217254,-1.8287985498217254,-0.0,0.2
92.0,-0.2,91.0,0.0,1.0936141289618149,0.5979959515324541,113.4837134501064,0.0,0.5012079368464553,0.0,-0.012079368464550941,4.008096935091795,1200.0,-2.9538295438886593,0.0,-0.2,0.0,-1.312336954754178,-36.0,-0.0,-2.0,0.0,0.0,-2.0
92.0,-0.5,92.0,0.0,0.0,-0.6839783636388985,113.4837134501064,0.0,0.5012079368464553,-1.0498695638033426,-0.012079368464550941,167.95672727779694,-1200.0,-3.799079805678012,0.0,-0.5,0.0,-0.0,-90.0,-0.0,-2.0,0.0,0.0,-2.0
92.0,0.0,92.0,0.0,0.0,-1.5013096211285417,113.4837134501064,0.0,0.5012079368464553,-0.0,-0.012079368464550941,2.619242257083577,-3000.0,-2.387834134138032,0.0,0.0,0.0,0.0,0.0,0.0,-2.0,0.0,-0.0,-2.0
92.0,-0.3,92.0,0.0,0.0,-0.003507828952254961,113.4837134501064,0.0,0.5012079368464553,0.0,-0.012079368464550941,7.015657904509921,0.0,-3.9079637245504912,0.0,-0.3,0.0,-0.0,-54.0,-0.0,-2.0,0.0,0.0,-2.0
92.0,0.2,92.0,0.0,0.0,-0.9036750000000001,113.4837134501064,0.0,0.5012079368464553,-0.0,-0.012079368464550941,7.3500000000000005,-1800.0000000000002,-4.0,1.8313589790816096,0.0,0.2,0.0,36.0,0.0,-1.6313589790816097,-1.8313589790816096,-0.0,0.2
93.0,-0.2,92.0,0.0,1.092085143200841,0.596325,115.31507242918802,0.0,0.5012079368464553,0.0,-0.012079368464550941,7.3500000000000005,1200.0,-4.0,0.0,-0.2,0.0,-1.310502171841009,-36.0,-0.0,-2.0,0.0,0.0,-2.0
93.0,-0.5,93.0,0.0,0.0,-0.6818561072947295,115.31507242918802,0.0,0.5012079368464553,-1.0484017374728072,-0.012079368464550941,163.7122145894589,-1200.0,-2.741803017144086,0.0,-0.5,0.0,-0.0,-90.0,-0.0,-2.0,0.0,0.0,-2.0
93.0,0.0,93.0,0.0,0.0,-1.5026376091357831,115.31507242918802,0.0,0.5012079368464553,-0.0,-0.012079368464550941,5.2752182715661275,-3000.0,-3.3887266555841293,0.0,0.0,0.0,0.0,0.0,0.0,-2.0,0.0,-0.0,-2.0
93.0,-0.3,93.0,0.0,0.0,-0.0036750000000000003,115.31507242918802,0.0,0.5012079368464553,0.0,-0.012079368464550941,7.3500000000000005,0.0,-4.0,0.0,-0.3,0.0,-0.0,-54.0,-0.0,-2.0,0.0,0.0,-2.0
93.0,0.2,93.0,0.0,0.0,-0.9017617850990504,115.31507242918802,0.0,0.5012079368464553,-0.0,-0.012079368464550941,3.523570198100437,-1800.0000000000002,-2.7695409175211836,1.8313589790816096,0.0,0.2,0.0,36.0,0.0,-1.6313589790816097,-1.8313589790816096,-0.0,0.2
94.0,-0.2,93.0,0.0,1.092085143200841,0.596325,117.14643140826963,0.0,0.5012079368464553,0.0,-0.012079368464550941,7.3500000000000005,1200.0,-4.0,0.0,-0.2,0.0,-1.310502171841009,-36.0,-0.0,-2.0,0.0,0.0,-2.0
94.0,-0.5,94.0,0.0,0.0,-0.6844356432383191,117.14643140826963,0.0,0.5012079368464553,-1.0484017374728072,-0.012079368464550941,168.8712864766381,-1200.0,-4.0,0.0,-0.5,0.0,-0.0,-90.0,-0.0,-2.0,0.0,0.0,-2.0
94.0,0.0,94.0,0.0,0.0,-1.5015374869151623,117.14643140826963,0.0,0.5012079368464553,-0.0,-0.012079368464550941,3.0749738303245713,-3000.0,-2.5872418872265257,0.0,0.0,0.0,0.0,0.0,0.0,-2.0,0.0,-0.0,-2.0
94.0,-0.3,94.0,0.0,0.0,-0.0009204404491498598,117.14643140826963,0.0,0.5012079368464553,0.0,-0.012079368464550941,1.8408808982997196,0.0,-2.0018390990815504,0.0,-0.3,0.0,-0.0,-54.0,-0.0,-2.0,0.0,0.0,-2.0
94.0,0.2,94.0,0.0,0.0,-0.9003483665858932,117.14643140826963,0.0,0.5012079368464553,-0.0,-0.012079368464550941,0.6967331717863517,-1800.0000000000002,-1.2315429594746234,1.82866361202353,0.0,0.2,0.0,36.0,0.0,-1.62866361202353,-1.82866361202353,-0.0,0.2
95.0,-0.2,94.0,0.0,1.0936948271785552,0.5980842074985644,118.97509502029317,0.0,0.5012079368464553,0.0,-0.012079368464550941,3.8315850028711798,1200.0,-2.888055628337625,0.0,-0.2,0.0,-1.3124337926142662,-36.0,-0.0,-2.0,0.0,0.0,-2.0
95.0,-0.5,95.0,0.0,0.0,-0.6841072443755964,118.97509502029317,0.0,0.5012079368464553,-1.049947034091413,-0.012079368464550941,168.21448875119285,-1200.0,-3.856008936637558,0.0,-0.5,0.0,-0.0,-90.0,-0.0,-2.0,0.0,0.0,-2.0
95.0,0.0,95.0,0.0,0.0,-1.501006511346545,118.97509502029317,0.0,0.5012079368464553,-0.0,-0.012079368464550941,2.0130226930900634,-3000.0,-2.0933442660610027,0.0,0.0,0.0,0.0,0.0,0.0,-2.0,0.0,-0.0,-2.0
95.0,-0.3,95.0,0.0,0.0,-0.0007968490227290909,118.97509502029317,0.0,0.5012079368464553,0.0,-0.012079368464550941,1.593698045458182,0.0,-1.8625988985231672,0.0,-0.3,0.0,-0.0,-54.0,-0.0,-2.0,0.0,0.0,-2.0
95.0,0.2,95.0,0.0,0.0,-0.9000551303129954,118.97509502029317,0.0,0.5012079368464553,-0.0,-0.012079368464550941,0.11026062599064534,-1800.0000000000002,-0.4899215563824555,1.8265646718106885,0.0,0.2,0.0,36.0,0.0,-1.6265646718106885,-1.8265646718106885,-0.0,0.2
96.0,-0.1,95.0,0.0,1.0949516127948609,0.5994595371810331,120.80165969210385,0.0,0.5012079368464553,0.0,-0.012079368464550941,1.0809256379339398,1200.0,1.5339606912516288,1.1365890580683202,-0.1,0.0,-0.6569709676769167,-18.0,-0.16593466962891992,-0.8536217232538603,-1.1365890580683202,0.08296733481445996,0.2
97.0,-0.2,96.0,0.0,0.6646993584315823,-0.3785468910764545,121.93824875017218,0.0,0.5012245303134182,-0.5255767741415334,-0.01224530313417986,157.09378215290903,-600.0,0.5552975983447155,0.0,-0.2,0.0,-0.7976392301178988,-36.0,-0.0,-2.0,0.0,0.0,-2.0
97.0,-0.5,97.0,0.0,0.0,-0.6784879665647295,121.93824875017218,0.0,0.5012245303134182,-0.6381113840943191,-0.01224530313417986,156.97593312945892,-1200.0,0.4784619737636433,0.0,-0.5,0.0,-0.0,-90.0,-0.0,-2.0,0.0,0.0,-2.0
97.0,0.0,97.0,0.0,0.0,-1.5018949200128715,121.93824875017218,0.0,0.5012245303134182,-0.0,-0.01224530313417986,3.789840025743286,-3000.0,2.872279911981856,0.0,0.0,0.0,0.0,0.0,0.0,-2.0,0.0,-0.0,-2.0
97.0,0.8,97.0,0.0,0.0,-0.001238410313306058,121.93824875017218,0.0,0.5012245303134182,0.0,-0.01224530313417986,2.476820626612116,0.0,2.3220074011200538,0.9132428191253843,0.0,0.8,0.0,144.0,0.0,-0.7132428191253843,-0.9132428191253843,-0.0,0.2
98.0,-0.2,97.0,0.0,2.189998039333239,2.398045726141715,122.85149156929756,0.0,0.5012245303134182,0.0,-0.01224530313417986,3.9085477165698954,4800.0,2.916916727048118,0.4945006302107245,-0.2,0.0,-2.627997647199887,-36.0,-0.2887881094961435,-0.15010657546265277,-0.4945006302107245,0.14439405474807174,0.2
99.0,-0.5,98.0,0.0,1.8544862440938863,-0.6784860822045444,123.34599219950829,0.0,0.5012534091243678,-2.10239811775991,-0.012534091243676004,156.97216440908886,-1200.0,2.0272702103798252,0.8385162924520703,-0.5,0.0,-5.563458732281661,-90.0,-1.0366779532006474,-0.12017731585174657,-0.8385162924520703,0.5183389766003237,0.2
100.0,-0.5,99.0,0.0,0.5306791052740618,-1.5787494539296545,124.18450849196036,0.0,0.5013570769196879,-4.450766985825329,-0.01357076919687665,157.498907859309,-3000.0,2.9375987751627477,0.0,-0.5,0.0,-1.5920373158221854,-90.0,-0.0,-2.0,0.0,0.0,-2.0
100.0,-0.5,100.0,0.0,0.0,-1.5784800686765685,124.18450849196036,0.0,0.5013570769196879,-1.2736298526577485,-0.01357076919687665,156.96013735313744,-3000.0,0.5133874880251028,0.0,-0.5,0.0,-0.0,-90.0,-0.0,-2.0,0.0,0.0,-2.0
100.0,0.0,100.0,0.0,0.0,-1.5002675814983213,124.18450849196036,0.0,0.5013570769196879,-0.0,-0.01357076919687665,0.5351629966424838,-3000.0,-1.0793427041321166,0.0,0.0,0.0,0.0,0.0,0.0,-2.0,0.0,-0.0,-2.0
100.0,0.8,100.0,0.0,0.0,-0.0001904880350795668,124.18450849196036,0.0,0.5013570769196879,0.0,-0.01357076919687665,0.3809760701591336,0.0,0.9106786825941668,0.9129459483063769,0.0,0.8,0.0,144.0,0.0,-0.7129459483063769,-0.9129459483063769,-0.0,0.2
101.0,-0.2,100.0,0.0,2.1907101806419442,2.3996055677841297,125.09745444026673,0.0,0.5013570769196879,0.0,-0.01357076919687665,0.7888644317412017,4800.0,1.3104411111649341,0.4943222154476667,-0.2,0.0,-2.6288522167703334,-36.0,-0.2887777893063158,-0.14993332079450877,-0.4943222154476667,0.1443888946531579,0.2
102.0,-0.5,101.0,0.0,1.8552338706791063,-0.6786591811558069,125.5917766557144,0.0,0.5013859546986186,-2.103081773416267,-0.013859546986182966,157.31836231161373,-1200.0,1.3074727077928827,0.8373391245252376,-0.5,0.0,-5.565701612037319,-90.0,-1.0356399367093405,-0.11951915617056735,-0.8373391245252376,0.5178199683546703,0.2
103.0,-0.5,102.0,0.0,0.5332846483747598,-1.578750094895993,126.42911578023964,0.0,0.5014895186922895,-4.452561289629855,-0.014895186922892305,157.50018979198606,-3000.0,0.7708338721986792,0.0,-0.5,0.0,-1.5998539451242795,-90.0,-0.0,-2.0,0.0,0.0,-2.0
103.0,-0.5,103.0,0.0,0.0,-1.5784931647908742,126.42911578023964,0.0,0.5014895186922895,-1.2798831560994237,-0.014895186922892305,156.98632958174852,-3000.0,0.2938768449862792,0.0,-0.5,0.0,-0.0,-90.0,-0.0,-2.0,0.0,0.0,-2.0
103.0,0.0,103.0,0.0,0.0,-1.5006993699510436,126.42911578023964,0.0,0.5014895186922895,-0.0,-0.014895186922892305,1.39873990208711,-3000.0,1.7449572995728246,0.0,0.0,0.0,0.0,0.0,0.0,-2.0,0.0,-0.0,-2.0
103.0,-0.3,103.0,0.0,0.0,-0.00024001222855778623,126.42911578023964,0.0,0.5014895186922895,0.0,-0.014895186922892305,0.48002445711557246,0.0,1.0222285454648343,0.0,-0.3,0.0,-0.0,-54.0,-0.0,-2.0,0.0,0.0,-2.0
103.0,0.2,103.0,0.0,0.0,-0.9001011471338414,126.42911578023964,0.0,0.5014895186922895,-0.0,-0.014895186922892305,0.20229426768231062,-1800.0000000000002,0.6636026475732706,1.8264011039728931,0.0,0.2,0.0,36.0,0.0,-1.6264011039728932,-1.8264011039728931,-0.0,0.2
104.0,-0.2,103.0,0.0,1.0950496738830613,0.5995669141356988,128.25551688421254,0.0,0.5014895186922895,0.0,-0.014895186922892305,0.8661717286022989,1200.0,1.3731510838207868,0.0,-0.2,0.0,-1.3140596086596734,-36.0,-0.0,-2.0,0.0,0.0,-2.0
104.0,-0.5,104.0,0.0,0.0,-0.6795097378014844,128.25551688421254,0.0,0.5014895186922895,-1.0512476869277387,-0.014895186922892305,159.01947560296867,-1200.0,3.212409396967118,0.0,-0.5,0.0,-0.0,-90.0,-0.0,-2.0,0.0,0.0,-2.0
104.0,0.0,104.0,0.0,0.0,-1.5036749999999999,128.25551688421254,0.0,0.5014895186922895,-0.0,-0.014895186922892305,7.3500000000000005,-3000.0,4.0,0.0,0.0,0.0,0.0,0.0,0.0,-2.0,0.0,-0.0,-2.0
104.0,0.8,104.0,0.0,0.0,-0.0016612221332736135,128.25551688421254,0.0,0.5014895186922895,0.0,-0.014895186922892305,3.322444266547227,0.0,2.6893366722486505,0.9135494724208125,0.0,0.8,0.0,144.0,0.0,-0.7135494724208125,-0.9135494724208125,-0.0,0.2
105.0,-0.2,104.0,0.0,2.1892629175393776,2.3964360810565135,129.16906635663335,0.0,0.5014895186922895,0.0,-0.014895186922892305,7.127837886972636,4800.0,3.939083877600268,0.49474605840682795,-0.2,0.0,-2.6271155010472533,-36.0,-0.28883445313835726,-0.15032883183764928,-0.49474605840682795,0.14441722656917863,0.2
106.0,-0.5,105.0,0.0,1.8532150224316855,-0.6792330922045692,129.66381241504018,0.0,0.5015184021376033,-2.101692400837803,-0.015184021376030662,158.46618440913846,-1200.0,4.0,0.8410666466146024,-0.5,0.0,-5.559645067295056,-90.0,-1.0391182295816153,-0.12150753182379476,-0.8410666466146024,0.5195591147908076,0.2
107.0,-0.7,106.0,0.0,0.5247178246717434,-1.5795385575058862,130.50487906165478,0.0,0.5016223139605616,-4.447716053836046,-0.016223139605612277,159.07711501177255,-3000.0,4.0,0.0,-0.7,0.0,-2.2038148636213215,-125.99999999999999,-0.0,-2.0,0.0,0.0,-2.0
107.0,0.0,107.0,0.0,0.0,-2.1812540705798886,130.50487906165478,0.0,0.5016223139605616,-1.7630518908970574,-0.016223139605612277,162.50814115977715,-4200.0,4.0,0.0,0.0,0.0,0.0,0.0,0.0,-2.0,0.0,-0.0,-2.0
107.0,-0.3,107.0,0.0,0.0,-0.0036750000000000003,130.50487906165478,0.0,0.5016223139605616,0.0,-0.016223139605612277,7.3500000000000005,0.0,4.0,0.0,-0.3,0.0,-0.0,-54.0,-0.0,-2.0,0.0,0.0,-2.0
107.0,0.2,107.0,0.0,0.0,-0.9017680889950208,130.50487906165478,0.0,0.5016223139605616,-0.0,-0.016223139605612277,3.5361779900413577,-1800.0000000000002,2.774491381731238,1.8313589790816096,0.0,0.2,0.0,36.0,0.0,-1.6313589790816097,-1.8313589790816096,-0.0,0.2
108.0,-0.2,107.0,0.0,1.092085143200841,0.596325,132.3362380407364,0.0,0.5016223139605616,0.0,-0.016223139605612277,7.3500000000000005,1200.0,4.0,0.0,-0.2,0.0,-1.310502171841009,-36.0,-0.0,-2.0,0.0,0.0,-2.0
108.0,-0.5,108.0,0.0,0.0,-0.680422230337056,132.3362380407364,0.0,0.5016223139605616,-1.0484017374728072,-0.016223139605612277,160.84446067411193,-1200.0,4.0,0.0,-0.5,0.0,-0.0,-90.0,-0.0,-2.0,0.0,0.0,-2.0
108.0,0.0,108.0,0.0,0.0,-1.5036749999999999,132.3362380407364,0.0,0.5016223139605616,-0.0,-0.016223139605612277,7.3500000000000005,-3000.0,4.0,0.0,0.0,0.0,0.0,0.0,0.0,-2.0,0.0,-0.0,-2.0
108.0,-0.3,108.0,0.0,0.0,-0.0036750000000000003,132.3362380407364,0.0,0.5016223139605616,0.0,-0.016223139605612277,7.3500000000000005,0.0,4.0,0.0,-0.3,0.0,-0.0,-54.0,-0.0,-2.0,0.0,0.0,-2.0
108.0,0.2,108.0,0.0,0.0,-0.9036750000000001,132.3362380407364,0.0,0.5016223139605616,-0.0,-0.016223139605612277,7.3500000000000005,-1800.0000000000002,4.0,1.8313589790816096,0.0,0.2,0.0,36.0,0.0,-1.6313589790816097,-1.8313589790816096,-0.0,0.2
109.0,-0.2,108.0,0.0,1.092085143200841,0.596325,134.167597019818,0.0,0.5016223139605616,0.0,-0.016223139605612277,7.3500000000000005,1200.0,4.0,0.0,-0.2,0.0,-1.310502171841009,-36.0,-0.0,-2.0,0.0,0.0,-2.0
109.0,-0.5,109.0,0.0,0.0,-0.680422230337056,134.167597019818,0.0,0.5016223139605616,-1.0484017374728072,-0.016223139605612277,160.84446067411193,-1200.0,4.0,0.0,-0.5,0.0,-0.0,-90.0,-0.0,-2.0,0.0,0.0,-2.0
109.0,0.3,109.0,0.0,0.0,-1.5036749999999999,134.167597019818,0.0,0.5016223139605616,-0.0,-0.016223139605612277,7.3500000000000005,-3000.0,4.0,1.4937648579662244,0.0,0.3,0.0,54.0,0.0,-1.2937648579662244,-1.4937648579662244,-0.0,0.2
110.0,-0.2,109.0,0.0,1.3388987863165762,0.8963250000000001,135.66136187778423,0.0,0.5016223139605616,0.0,-0.016223139605612277,7.3500000000000005,1800.0000000000002,4.0,1.0017540141459962,-0.2,0.0,-1.6066785435798916,-36.0,-0.3576659289940887,-0.6229210496489519,-1.0017540141459962,0.17883296449704436,0.2
111.0,-0.5,110.0,0.0,0.6575993470870264,-0.6801065227678308,136.66311589193023,0.0,0.501658080553461,-1.2853428348639133,-0.016580805534606367,160.2130455356616,-1200.0,4.0,0.0,-0.5,0.0,-1.9727980412610795,-90.0,-0.0,-2.0,0.0,0.0,-2.0
111.0,-0.5,111.0,0.0,0.0,-1.5810459865504924,136.66311589193023,0.0,0.501658080553461,-1.5782384330088637,-0.016580805534606367,162.09197310098494,-3000.0,4.0,0.0,-0.5,0.0,-0.0,-90.0,-0.0,-2.0,0.0,0.0,-2.0
111.0,0.3,111.0,0.0,0.0,-1.5036749999999999,136.66311589193023,0.0,0.501658080553461,-0.0,-0.016580805534606367,7.3500000000000005,-3000.0,4.0,1.4937648579662244,0.0,0.3,0.0,54.0,0.0,-1.2937648579662244,-1.4937648579662244,-0.0,0.2
112.0,-0.2,111.0,0.0,1.3388987863165762,0.8963250000000001,138.15688074989646,0.0,0.501658080553461,0.0,-0.016580805534606367,7.3500000000000005,1800.0000000000002,4.0,1.0017540141459962,-0.2,0.0,-1.6066785435798916,-36.0,-0.3576659289940887,-0.6229210496489519,-1.0017540141459962,0.17883296449704436,0.2
113.0,-0.5,112.0,0.0,0.6575993470870264,-0.6801065227678308,139.15863476404246,0.0,0.5016938471463603,-1.2853428348639133,-0.016938471463600457,160.2130455356616,-1200.0,4.0,0.0,-0.5,0.0,-1.9727980412610795,-90.0,-0.0,-2.0,0.0,0.0,-2.0
113.0,-0.5,113.0,0.0,0.0,-1.5806914445638667,139.15863476404246,0.0,0.5016938471463603,-1.5782384330088637,-0.016938471463600457,161.38288912773373,-3000.0,3.760510555151903,0.0,-0.5,0.0,-0.0,-90.0,-0.0,-2.0,0.0,0.0,-2.0
113.0,0.2,113.0,0.0,0.0,-1.5011896025980969,139.15863476404246,0.0,0.5016938471463603,-0.0,-0.016938471463600457,2.3792051961935936,-3000.0,2.2757904551596084,1.825745187871394,0.0,0.2,0.0,36.0,0.0,-1.625745187871394,-1.825745187871394,-0.0,0.2
114.0,-0.2,113.0,0.0,1.0954430807865672,0.5999977916215823,140.98437995191387,0.0,0.5016938471463603,0.0,-0.016938471463600457,0.004416756835311748,1200.0,-0.09805462129416043,0.0,-0.2,0.0,-1.3145316969438805,-36.0,-0.0,-2.0,0.0,0.0,-2.0
114.0,-0.4,114.0,0.0,0.0,-0.6813650100540533,140.98437995191387,0.0,0.5016938471463603,-1.0516253575551044,-0.016938471463600457,162.73002010810657,-1200.0,-2.44864890312639,0.0,-0.4,0.0,-0.0,-72.0,-0.0,-2.0,0.0,0.0,-2.0
114.0,0.2,114.0,0.0,0.0,-1.2001286956613013,140.98437995191387,0.0,0.5016938471463603,-0.0,-0.016938471463600457,0.25739132260231135,-2400.0,-0.7485370004475698,1.8269603161380392,0.0,0.2,0.0,36.0,0.0,-1.6269603161380393,-1.8269603161380392,-0.0,0.2
115.0,-0.2,114.0,0.0,1.0947144913755236,0.5991999288137851,142.8113402680519,0.0,0.5016938471463603,0.0,-0.016938471463600457,1.6001423724297361,1200.0,-1.8663609307035358,0.0,-0.2,0.0,-1.3136573896506278,-36.0,-0.0,-2.0,0.0,0.0,-2.0
115.0,-0.4,115.0,0.0,0.0,-0.6844417953360139,142.8113402680519,0.0,0.5016938471463603,-1.0509259117205023,-0.016938471463600457,168.8835906720277,-1200.0,-4.0,0.0,-0.4,0.0,-0.0,-72.0,-0.0,-2.0,0.0,0.0,-2.0
115.0,0.2,115.0,0.0,0.0,-1.203675,142.8113402680519,0.0,0.5016938471463603,-0.0,-0.016938471463600457,7.3500000000000005,-2400.0,-4.0,1.8313589790816096,0.0,0.2,0.0,36.0,0.0,-1.6313589790816097,-1.8313589790816096,-0.0,0.2
116.0,-0.2,115.0,0.0,1.092085143200841,0.596325,144.64269924713352,0.0,0.5016938471463603,0.0,-0.016938471463600457,7.3500000000000005,1200.0,-4.0,0.0,-0.2,0.0,-1.310502171841009,-36.0,-0.0,-2.0,0.0,0.0,-2.0
116.0,-0.4,116.0,0.0,0.0,-0.6844356432383191,144.64269924713352,0.0,0.5016938471463603,-1.0484017374728072,-0.016938471463600457,168.8712864766381,-1200.0,-4.0,0.0,-0.4,0.0,-0.0,-72.0,-0.0,-2.0,0.0,0.0,-2.0
116.0,0.2,116.0,0.0,0.0,-1.202746062574694,144.64269924713352,0.0,0.5016938471463603,-0.0,-0.016938471463600457,5.492125149387837,-2400.0,-3.4576938244589286,1.8313589790816096,0.0,0.2,0.0,36.0,0.0,-1.6313589790816097,-1.8313589790816096,-0.0,0.2
117.0,-0.1,116.0,0.0,1.092085143200841,0.596325,146.47405822621513,0.0,0.5016938471463603,0.0,-0.016938471463600457,7.3500000000000005,1200.0,-4.0,1.1452725009453686,-0.1,0.0,-0.6552510859205045,-18.0,-0.1667646777598544,-0.8618901620654413,-1.1452725009453686,0.0833823388799272,0.2
118.0,-0.2,117.0,0.0,0.6542241740531378,-0.38232033754959577,147.6193307271605,0.0,0.5017105236141364,-0.5242008687364036,-0.01710523614136031,164.6406750991915,-600.0,-2.9969045792881914,0.0,-0.2,0.0,-0.7850690088637653,-36.0,-0.0,-2.0,0.0,0.0,-2.0
118.0,-0.4,118.0,0.0,0.0,-0.6810235388482945,147.6193307271605,0.0,0.5017105236141364,-0.6280552070910123,-0.01710523614136031,162.04707769658893,-1200.0,-2.6735244090027237,0.0,-0.4,0.0,-0.0,-72.0,-0.0,-2.0,0.0,0.0,-2.0
118.0,0.2,118.0,0.0,0.0,-1.2006587132637923,147.6193307271605,0.0,0.5017105236141364,-0.0,-0.01710523614136031,1.3174265275841825,-2400.0,-1.693477862545464,1.828577572695979,0.0,0.2,0.0,36.0,0.0,-1.628577572695979,-1.828577572695979,-0.0,0.2
119.0,-0.1,118.0,0.0,1.0937462883662974,0.5981404916575255,149.4479082998565,0.0,0.5017105236141364,0.0,-0.01710523614136031,3.7190166849490836,1200.0,-2.8453152081804163,1.1402334296048948,-0.1,0.0,-0.6562477730197783,-18.0,-0.166283477533537,-0.8570916908381263,-1.1402334296048948,0.0831417387667685,0.2
120.0,-0.2,119.0,0.0,0.6602805518235986,-0.38015526057054844,150.5881417294614,0.0,0.5017271519618898,-0.5249982184158227,-0.01727151961889385,160.31052114109679,-600.0,-1.6069298239455847,0.0,-0.2,0.0,-0.7923366621883182,-36.0,-0.0,-2.0,0.0,0.0,-2.0
120.0,-0.4,120.0,0.0,0.0,-0.6831014733083466,150.5881417294614,0.0,0.5017271519618898,-0.6338693297506546,-0.01727151961889385,166.20294661669323,-1200.0,-3.8253297876922687,0.0,-0.4,0.0,-0.0,-72.0,-0.0,-2.0,0.0,0.0,-2.0
120.0,0.2,120.0,0.0,0.0,-1.2032108786344544,150.5881417294614,0.0,0.5017271519618898,-0.0,-0.01727151961889385,6.421757268908829,-2400.0,-3.738894963938698,1.8313589790816096,0.0,0.2,0.0,36.0,0.0,-1.6313589790816097,-1.8313589790816096,-0.0,0.2
121.0,-0.1,120.0,0.0,1.092085143200841,0.596325,152.419500708543,0.0,0.5017271519618898,0.0,-0.01727151961889385,7.3500000000000005,1200.0,-4.0,1.1457636868920682,-0.1,0.0,-0.6552510859205045,-18.0,-0.16683620000984636,-0.862345586887145,-1.1457636868920682,0.08341810000492318,0.2
122.0,-0.2,121.0,0.0,0.6534755356705605,-0.38280983465275226,153.5652643954351,0.0,0.5017438355818907,-0.5242008687364036,-0.017438355818903694,165.61966930550452,-600.0,-3.2496864768982903,0.0,-0.2,0.0,-0.7841706428046726,-36.0,-0.0,-2.0,0.0,0.0,-2.0
122.0,-0.4,122.0,0.0,0.0,-0.6811169524360401,153.5652643954351,0.0,0.5017438355818907,-0.6273365142437382,-0.017438355818903694,162.23390487208016,-1200.0,-2.7348292388951165,0.0,-0.4,0.0,-0.0,-72.0,-0.0,-2.0,0.0,0.0,-2.0
122.0,0.2,122.0,0.0,0.0,-1.20204529747419,153.5652643954351,0.0,0.5017438355818907,-0.0,-0.017438355818903694,4.090594948379836,-2400.0,-2.9840738071081674,1.8268182256226428,0.0,0.2,0.0,36.0,0.0,-1.6268182256226429,-1.8268182256226428,-0.0,0.2
123.0,-0.1,122.0,0.0,1.0947996386301835,0.5992931443723898,155.39208262105774,0.0,0.5017438355818907,0.0,-0.017438355818903694,1.4137112552205464,1200.0,-1.7542709819270002,1.1426505638927265,-0.1,0.0,-0.65687978317811,-18.0,-0.16679645659071096,-0.8592523355973711,-1.1426505638927265,0.08339822829535548,0.2
124.0,-0.2,123.0,0.0,0.6555167766993188,-0.3844419946149915,156.53473318495045,0.0,0.5017605152275498,-0.5255038265424881,-0.017605152275494404,168.88398922998306,-600.0,-4.0,0.0,-0.2,0.0,-0.7866201320391827,-36.0,-0.0,-2.0,0.0,0.0,-2.0
124.0,-0.4,124.0,0.0,0.0,-0.6834582093114765,156.53473318495045,0.0,0.5017605152275498,-0.6292961056313462,-0.017605152275494404,166.91641862295293,-1200.0,-4.0,0.0,-0.4,0.0,-0.0,-72.0,-0.0,-2.0,0.0,0.0,-2.0
124.0,0.2,124.0,0.0,0.0,-1.202444038034121,156.53473318495045,0.0,0.5017605152275498,-0.0,-0.017605152275494404,4.888076068241743,-2400.0,-3.262010087111534,1.825929447146521,0.0,0.2,0.0,36.0,0.0,-1.625929447146521,-1.825929447146521,-0.0,0.2
125.0,-0.1,124.0,0.0,1.0953325367774427,0.5998767030616534,158.360662632097,0.0,0.5017605152275498,0.0,-0.017605152275494404,0.24659387669311414,1200.0,-0.73266840854712,1.1362173668092481,-0.1,0.0,-0.6571995220664657,-18.0,-0.16593811342903467,-0.8532483100947308,-1.1362173668092481,0.08296905671451733,0.2
126.0,-0.2,125.0,0.0,0.6648940697741145,-0.37883461349661945,159.49687999890625,0.0,0.5017771090388927,-0.5257596176531726,-0.01777109038892344,157.6692269932389,-600.0,-0.1472033763800269,0.0,-0.2,0.0,-0.7978728837289373,-36.0,-0.0,-2.0,0.0,0.0,-2.0
126.0,0.0,126.0,0.0,0.0,-0.6790195785979635,159.49687999890625,0.0,0.5017771090388927,-0.6382983069831498,-0.01777109038892344,158.03915719592698,-1200.0,-0.8678112941592673,0.0,0.0,0.0,0.0,0.0,0.0,-2.0,0.0,-0.0,-2.0
126.0,0.1,126.0,0.0,0.0,-0.00024386827144755254,159.49687999890625,0.0,0.5017771090388927,0.0,-0.01777109038892344,0.4877365428951051,0.0,-1.0304074015189286,2.5822694015243584,0.0,0.1,0.0,18.0,0.0,-2.382269401524358,-2.5822694015243584,-0.0,0.2
127.0,-0.1,126.0,0.0,0.7745124755213605,0.299934807369112,162.07914940043062,0.0,0.5017771090388927,0.0,-0.01777109038892344,0.1303852617760551,600.0,-0.5327587281027348,0.0,-0.1,0.0,-0.4647074853128163,-18.0,-0.0,-2.0,0.0,0.0,-2.0
127.0,-0.2,127.0,0.0,0.0,-0.37856923991119235,162.07914940043062,0.0,0.5017771090388927,-0.3717659882502531,-0.01777109038892344,157.1384798223847,-600.0,1.397832220524613,0.0,-0.2,0.0,-0.0,-36.0,-0.0,-2.0,0.0,0.0,-2.0
127.0,0.2,127.0,0.0,0.0,-0.6002168373904877,162.07914940043062,0.0,0.5017771090388927,-0.0,-0.01777109038892344,0.4336747809754265,-1200.0,-0.9716243847189716,1.8258803707542106,0.0,0.2,0.0,36.0,0.0,-1.6258803707542107,-1.8258803707542106,-0.0,0.2
128.0,-0.1,127.0,0.0,1.0953619773551118,0.5999089507176497,163.90502977118484,0.0,0.5017771090388927,0.0,-0.01777109038892344,0.18209856470058894,1200.0,0.6296070511072784,1.1361574964775454,-0.1,0.0,-0.6572171864130673,-18.0,-0.1659338295904637,-0.8531905816823135,-1.1361574964775454,0.08296691479523186,0.2
129.0,-0.2,128.0,0.0,0.664957385133775,-0.3788247611407131,165.0411872676624,0.0,0.5017937024218517,-0.5257737491304538,-0.0179370242185139,157.6495222814263,-600.0,-0.1297914353804046,0.0,-0.2,0.0,-0.7979488621605301,-36.0,-0.0,-2.0,0.0,0.0,-2.0
129.0,0.0,129.0,0.0,0.0,-0.6787145525512697,165.0411872676624,0.0,0.5017937024218517,-0.6383590897284241,-0.0179370242185139,157.42910510253924,-1200.0,1.675492478831977,0.0,0.0,0.0,0.0,0.0,0.0,-2.0,0.0,-0.0,-2.0
129.0,0.1,129.0,0.0,0.0,-0.0006740144197072267,165.0411872676624,0.0,0.5017937024218517,0.0,-0.0179370242185139,1.3480288394144533,0.0,1.7130337265755173,2.595387975483097,0.0,0.1,0.0,18.0,0.0,-2.395387975483097,-2.595387975483097,-0.0,0.2
130.0,-0.1,129.0,0.0,0.7705976463526419,0.2969103862821147,167.6365752431455,0.0,0.5017937024218517,0.0,-0.0179370242185139,6.179227435770563,600.0,3.6676122275967984,0.0,-0.1,0.0,-0.4623585878115852,-18.0,-0.0,-2.0,0.0,0.0,-2.0
130.0,-0.2,130.0,0.0,0.0,-0.379535915522583,167.6365752431455,0.0,0.5017937024218517,-0.36988687024926814,-0.0179370242185139,159.0718310451659,-600.0,2.914701941290744,0.0,-0.2,0.0,-0.0,-36.0,-0.0,-2.0,0.0,0.0,-2.0
130.0,0.2,130.0,0.0,0.0,-0.6000317316869889,167.6365752431455,0.0,0.5017937024218517,-0.0,-0.0179370242185139,0.06346337397790257,-1200.0,0.37168745257390157,1.8261597785560806,0.0,0.2,0.0,36.0,0.0,-1.6261597785560806,-1.8261597785560806,-0.0,0.2
131.0,-0.1,130.0,0.0,1.0951943837489293,0.5997253890975983,169.46273502170158,0.0,0.5017937024218517,0.0,-0.0179370242185139,0.5492218048034291,1200.0,1.093428041164458,1.1363810296516579,-0.1,0.0,-0.6571166302493576,-18.0,-0.16594108286310952,-0.8534104882201032,-1.1363810296516579,0.08297054143155476,0.2
132.0,-0.2,131.0,0.0,0.6647787130418037,-0.37875999288642087,170.59911605135323,0.0,0.5018102965301381,-0.5256933041994861,-0.01810296530137701,157.51998577284175,-600.0,-0.008896485864156034,0.0,-0.2,0.0,-0.7977344556501643,-36.0,-0.0,-2.0,0.0,0.0,-2.0
132.0,0.0,132.0,0.0,0.0,-0.6796488307133118,170.59911605135323,0.0,0.5018102965301381,-0.6381875645201315,-0.01810296530137701,159.29766142662368,-1200.0,-1.591055230103109,0.0,0.0,0.0,0.0,0.0,0.0,-2.0,0.0,-0.0,-2.0
132.0,0.1,132.0,0.0,0.0,-5.109927896851543e-09,170.59911605135323,0.0,0.5018102965301381,0.0,-0.01810296530137701,1.0219855793703086e-05,0.0,-0.004716704901639446,2.583551375480099,0.0,0.1,0.0,18.0,0.0,-2.3835513754800988,-2.583551375480099,-0.0,0.2
133.0,-0.1,132.0,0.0,0.7741281576541459,0.2996372222365001,173.18266742683335,0.0,0.5018102965301381,0.0,-0.01810296530137701,0.7255555269998848,600.0,-1.256757973116919,0.0,-0.1,0.0,-0.46447689459248753,-18.0,-0.0,-2.0,0.0,0.0,-2.0
133.0,-0.2,133.0,0.0,0.0,-0.37849801676712946,173.18266742683335,0.0,0.5018102965301381,-0.37158151567399006,-0.01810296530137701,156.99603353425888,-600.0,0.49405611926757587,0.0,-0.2,0.0,-0.0,-36.0,-0.0,-2.0,0.0,0.0,-2.0
133.0,0.2,133.0,0.0,0.0,-0.6005372408282896,173.18266742683335,0.0,0.5018102965301381,-0.0,-0.01810296530137701,1.0744816565794335,-1200.0,1.529381472292627,1.825828419168527,0.0,0.2,0.0,36.0,0.0,-1.625828419168527,-1.825828419168527,-0.0,0.2
134.0,-0.1,133.0,0.0,1.0953931444652398,0.5999430904707225,175.00849584600186,0.0,0.5018102965301381,0.0,-0.01810296530137701,0.11381905855499676,1200.0,-0.4977643811758128,1.1390597791947576,-0.1,0.0,-0.6572358866791437,-18.0,-0.16636243643547027,-0.8558785609770225,-1.1390597791947576,0.08318121821773514,0.2
135.0,-0.2,134.0,0.0,0.6604409881521253,-0.38185191353222736,176.14755562519662,0.0,0.5018269327737817,-0.525788709343315,-0.01826932773781248,163.70382706445466,-600.0,-2.736113069571296,0.0,-0.2,0.0,-0.7925291857825505,-36.0,-0.0,-2.0,0.0,0.0,-2.0
135.0,0.0,135.0,0.0,0.0,-0.6792760253919935,176.14755562519662,0.0,0.5018269327737817,-0.6340233486260405,-0.01826932773781248,158.552050783987,-1200.0,-1.2011950615279048,0.0,0.0,0.0,0.0,0.0,0.0,-2.0,0.0,-0.0,-2.0
135.0,0.1,135.0,0.0,0.0,-0.00018410519854037652,176.14755562519662,0.0,0.5018269327737817,0.0,-0.01826932773781248,0.36821039708075304,0.0,0.8952912613360908,2.582104670129288,0.0,0.1,0.0,18.0,0.0,-2.3821046701292876,-2.582104670129288,-0.0,0.2
136.0,-0.1,135.0,0.0,0.7745618873593402,0.29997307867483053,178.7296602953259,0.0,0.5018269327737817,0.0,-0.01826932773781248,0.05384265033901933,600.0,0.3423572557050889,0.0,-0.1,0.0,-0.4647371324156041,-18.0,-0.0,-2.0,0.0,0.0,-2.0
136.0,-0.2,136.0,0.0,0.0,-0.37974300677355627,178.7296602953259,0.0,0.5018269327737817,-0.3717897059324833,-0.01826932773781248,159.48601354711252,-600.0,-1.5703912039661603,0.0,-0.2,0.0,-0.0,-36.0,-0.0,-2.0,0.0,0.0,-2.0
136.0,0.2,136.0,0.0,0.0,-0.6000778294198652,178.7296602953259,0.0,0.5018269327737817,-0.0,-0.01826932773781248,0.15565883973037667,-1200.0,-0.5821075286605293,1.8257865951221026,0.0,0.2,0.0,36.0,0.0,-1.6257865951221027,-1.8257865951221026,-0.0,0.2
137.0,-0.1,136.0,0.0,1.0954182370893746,0.5999705770739963,180.55544689044802,0.0,0.5018269327737817,0.0,-0.01826932773781248,0.05884585200736426,1200.0,-0.357910343373284,1.135736530336956,-0.1,0.0,-0.6572509422536247,-18.0,-0.16588086771462818,-0.8527960964796419,-1.135736530336956,0.08294043385731409,0.2
138.0,-0.2,137.0,0.0,0.6655535961836521,-0.37848975481856534,181.69118342078497,0.0,0.5018435208605531,-0.5258007538028998,-0.01843520860552711,156.9795096371307,-600.0,1.3015006438583612,0.0,-0.2,0.0,-0.7986643154203825,-36.0,-0.0,-2.0,0.0,0.0,-2.0
138.0,0.0,138.0,0.0,0.0,-0.6790995184590507,181.69118342078497,0.0,0.5018435208605531,-0.6389314523363061,-0.01843520860552711,158.1990369181014,-1200.0,-0.9767689126671115,0.0,0.0,0.0,0.0,0.0,0.0,-2.0,0.0,-0.0,-2.0
138.0,0.1,138.0,0.0,0.0,-0.002467217852847363,181.69118342078497,0.0,0.5018435208605531,0.0,-0.01843520860552711,4.9344357056947254,0.0,-3.2774424094239336,2.5859494848754307,0.0,0.1,0.0,18.0,0.0,-2.3859494848754306,-2.5859494848754307,-0.0,0.2
139.0,-0.1,138.0,0.0,0.7734102610877744,0.29908173597792875,184.2771329056604,0.0,0.5018435208605531,0.0,-0.01843520860552711,1.8365280441424339,600.0,-1.999470974464252,0.0,-0.1,0.0,-0.4640461566526647,-18.0,-0.0,-2.0,0.0,0.0,-2.0
139.0,-0.2,139.0,0.0,0.0,-0.3787060662589566,184.2771329056604,0.0,0.5018435208605531,-0.37123692532213176,-0.01843520860552711,157.4121325179132,-600.0,-0.21867544720569043,0.0,-0.2,0.0,-0.0,-36.0,-0.0,-2.0,0.0,0.0,-2.0
139.0,0.2,139.0,0.0,0.0,-0.6008209384604765,184.2771329056604,0.0,0.5018435208605531,-0.0,-0.01843520860552711,1.6418769209528599,-1200.0,-1.8905432662412238,1.830958180914179,0.0,0.2,0.0,36.0,0.0,-1.630958180914179,-1.830958180914179,-0.0,0.2
140.0,-0.1,139.0,0.0,1.0923242015026593,0.5965861005942106,186.10809108657458,0.0,0.5018435208605531,0.0,-0.01843520860552711,6.827798811578792,1200.0,-3.8552866959797853,1.1452688276375773,-0.1,0.0,-0.6553945209015958,-18.0,-0.16680064768734718,-0.8618685037939038,-1.1452688276375773,0.08340032384367359,0.2
141.0,-0.2,140.0,0.0,0.6539907167726617,-0.3827341442918493,187.25335991421215,0.0,0.5018602009253218,-0.5243156167212767,-0.018602009253214456,165.46828858369858,-600.0,-3.2113305866910267,0.0,-0.2,0.0,-0.7847888601271941,-36.0,-0.0,-2.0,0.0,0.0,-2.0
141.0,0.0,141.0,0.0,0.0,-0.683454946171868,187.25335991421215,0.0,0.5018602009253218,-0.6278310881017553,-0.018602009253214456,166.90989234373595,-1200.0,-4.0,0.0,0.0,0.0,0.0,0.0,0.0,-2.0,0.0,-0.0,-2.0
141.0,0.1,141.0,0.0,0.0,-0.0036750000000000003,187.25335991421215,0.0,0.5018602009253218,0.0,-0.018602009253214456,7.3500000000000005,0.0,-4.0,2.5979502885071377,0.0,0.1,0.0,18.0,0.0,-2.3979502885071375,-2.5979502885071377,-0.0,0.2
142.0,-0.1,141.0,0.0,0.7698376192418775,0.296325,189.8513102027193,0.0,0.5018602009253218,0.0,-0.018602009253214456,7.3500000000000005,600.0,-4.0,0.0,-0.1,0.0,-0.4619025715451266,-18.0,-0.0,-2.0,0.0,0.0,-2.0
142.0,-0.2,142.0,0.0,0.0,-0.38370570091304446,189.8513102027193,0.0,0.5018602009253218,-0.3695220572361013,-0.018602009253214456,167.4114018260889,-600.0,-4.0,0.0,-0.2,0.0,-0.0,-36.0,-0.0,-2.0,0.0,0.0,-2.0
142.0,0.2,142.0,0.0,0.0,-0.603675,189.8513102027193,0.0,0.5018602009253218,-0.0,-0.018602009253214456,7.3500000000000005,-1200.0,-4.0,1.8311150443796418,0.0,0.2,0.0,36.0,0.0,-1.6311150443796418,-1.8311150443796418,-0.0,0.2
143.0,-0.1,142.0,0.0,1.0922306269499997,0.5964838912237944,191.68242524709893,0.0,0.5018602009253218,0.0,-0.018602009253214456,7.032217552411183,1200.0,-3.912573154015263,1.1470582837023613,-0.1,0.0,-0.6553383761699999,-18.0,-0.1670469584475228,-0.8635348044786,-1.1470582837023613,0.0835234792237614,0.2
144.0,-0.2,143.0,0.0,0.6513599710998375,-0.3843489577767256,192.8294835308013,0.0,0.5018769056211666,-0.5242707009359999,-0.01876905621166198,168.69791555345128,-600.0,-3.9626605701298843,0.0,-0.2,0.0,-0.7816319653198048,-36.0,-0.0,-2.0,0.0,0.0,-2.0
144.0,0.0,144.0,0.0,0.0,-0.6834493234193285,192.8294835308013,0.0,0.5018769056211666,-0.6253055722558439,-0.01876905621166198,166.898646838657,-1200.0,-4.0,0.0,0.0,0.0,0.0,0.0,0.0,-2.0,0.0,-0.0,-2.0
144.0,0.1,144.0,0.0,0.0,-0.0011255150460373995,192.8294835308013,0.0,0.5018769056211666,0.0,-0.01876905621166198,2.251030092074799,0.0,-2.2136398896340737,2.5979502885071377,0.0,0.1,0.0,18.0,0.0,-2.3979502885071375,-2.5979502885071377,-0.0,0.2
145.0,-0.1,144.0,0.0,0.7698376192418775,0.296325,195.42743381930845,0.0,0.5018769056211666,0.0,-0.01876905621166198,7.3500000000000005,600.0,-4.0,0.0,-0.1,0.0,-0.4619025715451266,-18.0,-0.0,-2.0,0.0,0.0,-2.0
145.0,-0.2,145.0,0.0,0.0,-0.38351976560492984,195.42743381930845,0.0,0.5018769056211666,-0.3695220572361013,-0.01876905621166198,167.0395312098596,-600.0,-3.9143738028988224,0.0,-0.2,0.0,-0.0,-36.0,-0.0,-2.0,0.0,0.0,-2.0
145.0,0.2,145.0,0.0,0.0,-0.6006430295470995,195.42743381930845,0.0,0.5018769056211666,-0.0,-0.01876905621166198,1.2860590941989836,-1200.0,-1.6731958710043742,1.8265250478760613,0.0,0.2,0.0,36.0,0.0,-1.6265250478760613,-1.8265250478760613,-0.0,0.2
146.0,-0.1,145.0,0.0,1.0949753662572463,0.5994855463550948,197.2539588671845,0.0,0.5018769056211666,0.0,-0.01876905621166198,1.0289072898104852,1200.0,-1.4965955304959238,1.13666323560201,-0.1,0.0,-0.6569852197543479,-18.0,-0.16594909902859437,-0.8536886860877129,-1.13666323560201,0.08297454951429718,0.2
147.0,-0.1,146.0,0.0,0.6645607718477595,-0.37866500906183237,198.39062210278652,0.0,0.5018935005310695,-0.5255881758034783,-0.018935005310690572,157.3300181236648,-600.0,0.19748908238074137,0.0,-0.1,0.0,-0.39873646310865574,-18.0,-0.0,-2.0,0.0,0.0,-2.0
147.0,-0.1,147.0,0.0,0.0,-0.3786595703426864,198.39062210278652,0.0,0.5018935005310695,-0.3189891704869246,-0.018935005310690572,157.31914068537282,-600.0,1.5487569336310045,0.0,-0.1,0.0,-0.0,-18.0,-0.0,-2.0,0.0,0.0,-2.0
147.0,-0.1,147.0,0.0,0.0,-0.30189814670543874,198.39062210278652,0.0,0.5018935005310695,-0.0,-0.018935005310690572,3.7962934108774844,-600.0,2.8747243481942135,0.0,-0.1,0.0,-0.0,-18.0,-0.0,-2.0,0.0,0.0,-2.0
147.0,-0.1,147.0,0.0,0.0,-0.3001235009235306,198.39062210278652,0.0,0.5018935005310695,-0.0,-0.018935005310690572,0.24700184706111813,-600.0,0.7332742294962031,0.0,-0.1,0.0,-0.0,-18.0,-0.0,-2.0,0.0,0.0,-2.0
147.0,-0.1,147.0,0.0,0.0,-0.3022571480348593,198.39062210278652,0.0,0.5018935005310695,-0.0,-0.018935005310690572,4.514296069718584,-600.0,3.1348108496898135,0.0,-0.1,0.0,-0.0,-18.0,-0.0,-2.0,0.0,0.0,-2.0
147.0,-0.1,147.0,0.0,0.0,-0.3001401529397683,198.39062210278652,0.0,0.5018935005310695,-0.0,-0.018935005310690572,0.2803058795366427,-600.0,0.7811463817618503,0.0,-0.1,0.0,-0.0,-18.0,-0.0,-2.0,0.0,0.0,-2.0
147.0,-0.1,147.0,0.0,0.0,-0.30001832644937276,198.39062210278652,0.0,0.5018935005310695,-0.0,-0.018935005310690572,0.03665289874549265,-600.0,-0.28246880025843524,0.0,-0.1,0.0,-0.0,-18.0,-0.0,-2.0,0.0,0.0,-2.0
147.0,-0.1,147.0,0.0,0.0,-0.3000285626926074,198.39062210278652,0.0,0.5018935005310695,-0.0,-0.018935005310690572,0.057125385214838675,-600.0,-0.3526394476792305,0.0,-0.1,0.0,-0.0,-18.0,-0.0,-2.0,0.0,0.0,-2.0
147.0,-0.1,147.0,0.0,0.0,-0.301731277193833,198.39062210278652,0.0,0.5018935005310695,-0.0,-0.018935005310690572,3.4625543876660974,-600.0,-2.745456858321724,0.0,-0.1,0.0,-0.0,-18.0,-0.0,-2.0,0.0,0.0,-2.0
147.0,-0.1,147.0,0.0,0.0,-0.30367500000000003,198.39062210278652,0.0,0.5018935005310695,-0.0,-0.018935005310690572,7.3500000000000005,-600.0,-4.0,0.0,-0.1,0.0,-0.0,-18.0,-0.0,-2.0,0.0,0.0,-2.0
147.0,-0.1,147.0,0.0,0.0,-0.30367500000000003,198.39062210278652,0.0,0.5018935005310695,-0.0,-0.018935005310690572,7.3500000000000005,-600.0,-4.0,0.0,-0.1,0.0,-0.0,-18.0,-0.0,-2.0,0.0,0.0,-2.0
147.0,-0.1,147.0,0.0,0.0,-0.3027969015331833,198.39062210278652,0.0,0.5018935005310695,-0.0,-0.018935005310690572,5.593803066366633,-600.0,-3.489553877922013,0.0,-0.1,0.0,-0.0,-18.0,-0.0,-2.0,0.0,0.0,-2.0
147.0,-0.1,147.0,0.0,0.0,-0.30367500000000003,198.39062210278652,0.0,0.5018935005310695,-0.0,-0.018935005310690572,7.3500000000000005,-600.0,-4.0,0.0,-0.1,0.0,-0.0,-18.0,-0.0,-2.0,0.0,0.0,-2.0
147.0,-0.1,147.0,0.0,0.0,-0.30367500000000003,198.39062210278652,0.0,0.5018935005310695,-0.0,-0.018935005310690572,7.3500000000000005,-600.0,-4.0,0.0,-0.1,0.0,-0.0,-18.0,-0.0,-2.0,0.0,0.0,-2.0
147.0,-0.1,147.0,0.0,0.0,-0.30367500000000003,198.39062210278652,0.0,0.5018935005310695,-0.0,-0.018935005310690572,7.3500000000000005,-600.0,-4.0,0.0,-0.1,0.0,-0.0,-18.0,-0.0,-2.0,0.0,0.0,-2.0
147.0,-0.1,147.0,0.0,0.0,-0.30367500000000003,198.39062210278652,0.0,0.5018935005310695,-0.0,-0.018935005310690572,7.3500000000000005,-600.0,-4.0,0.0,-0.1,0.0,-0.0,-18.0,-0.0,-2.0,0.0,0.0,-2.0
147.0,-0.1,147.0,0.0,0.0,-0.30367500000000003,198.39062210278652,0.0,0.5018935005310695,-0.0,-0.018935005310690572,7.3500000000000005,-600.0,-4.0,0.0,-0.1,0.0,-0.0,-18.0,-0.0,-2.0,0.0,0.0,-2.0
147.0,-0.1,147.0,0.0,0.0,-0.30367500000000003,198.39062210278652,0.0,0.5018935005310695,-0.0,-0.018935005310690572,7.3500000000000005,-600.0,-4.0,0.0,-0.1,0.0,-0.0,-18.0,-0.0,-2.0,0.0,0.0,-2.0
147.0,-0.1,147.0,0.0,0.0,-0.30367500000000003,198.39062210278652,0.0,0.5018935005310695,-0.0,-0.018935005310690572,7.3500000000000005,-600.0,-4.0,0.0,-0.1,0.0,-0.0,-18.0,-0.0,-2.0,0.0,0.0,-2.0
147.0,-0.1,147.0,0.0,0.0,-0.30367500000000003,198.39062210278652,0.0,0.5018935005310695,-0.0,-0.018935005310690572,7.3500000000000005,-600.0,-4.0,0.0,-0.1,0.0,-0.0,-18.0,-0.0,-2.0,0.0,0.0,-2.0
147.0,-0.1,147.0,0.0,0.0,-0.30367500000000003,198.39062210278652,0.0,0.5018935005310695,-0.0,-0.018935005310690572,7.3500000000000005,-600.0,-4.0,0.0,-0.1,0.0,-0.0,-18.0,-0.0,-2.0,0.0,0.0,-2.0
147.0,-0.1,147.0,0.0,0.0,-0.30367500000000003,198.39062210278652,0.0,0.5018935005310695,-0.0,-0.018935005310690572,7.3500000000000005,-600.0,-4.0,0.0,-0.1,0.0,-0.0,-18.0,-0.0,-2.0,0.0,0.0,-2.0
147.0,-0.1,147.0,0.0,0.0,-0.30367500000000003,198.39062210278652,0.0,0.5018935005310695,-0.0,-0.018935005310690572,7.3500000000000005,-600.0,-4.0,0.0,-0.1,0.0,-0.0,-18.0,-0.0,-2.0,0.0,0.0,-2.0
147.0,-0.1,147.0,0.0,0.0,-0.30367500000000003,198.39062210278652,0.0,0.5018935005310695,-0.0,-0.018935005310690572,7.3500000000000005,-600.0,-4.0,0.0,-0.1,0.0,-0.0,-18.0,-0.0,-2.0,0.0,0.0,-2.0
147.0,-0.1,147.0,0.0,0.0,-0.30367500000000003,198.39062210278652,0.0,0.5018935005310695,-0.0,-0.018935005310690572,7.3500000000000005,-600.0,-4.0,0.0,-0.1,0.0,-0.0,-18.0,-0.0,-2.0,0.0,0.0,-2.0
147.0,-0.1,147.0,0.0,0.0,-0.30367500000000003,198.39062210278652,0.0,0.5018935005310695,-0.0,-0.018935005310690572,7.3500000000000005,-600.0,-4.0,0.0,-0.1,0.0,-0.0,-18.0,-0.0,-2.0,0.0,0.0,-2.0
147.0,-0.1,147.0,0.0,0.0,-0.30367500000000003,198.39062210278652,0.0,0.5018935005310695,-0.0,-0.018935005310690572,7.3500000000000005,-600.0,-4.0,0.0,-0.1,0.0,-0.0,-18.0,-0.0,-2.0,0.0,0.0,-2.0
147.0,-0.9,147.0,0.0,0.0,-0.30367500000000003,198.39062210278652,0.0,0.5018935005310695,-0.0,-0.018935005310690572,7.3500000000000005,-600.0,-4.0,0.0,-0.9,0.0,-0.0,-162.0,-0.0,-2.0,0.0,0.0,-2.0
147.0,0.0,147.0,0.0,0.0,-2.703675,198.39062210278652,0.0,0.5018935005310695,-0.0,-0.018935005310690572,7.3500000000000005,-5400.0,-4.0,0.0,0.0,0.0,0.0,0.0,0.0,-2.0,0.0,-0.0,-2.0
148.0,0.1,147.0,0.0,0.7698376192418775,0.296325,200.98857239129367,0.0,0.5018935005310695,0.0,-0.018935005310690572,7.3500000000000005,600.0,-4.0,2.5979502885071377,0.0,0.1,0.0,18.0,0.0,-999.8,-1000.0,-0.0,0.2
